id,Domain,Status,Attractiveness,Demand,Length,Registrar,Created,Expires
30f0f938-947d-4adf-98f9-bb47e388b0ef,travel.ac,sold,115,31,6,"NameCheap, Inc.",01/09/2017 08:31,01/09/2026 08:31
c0840bcb-8e76-446b-94e4-9c54b06884f2,travel.academy,sold,115,31,6,"GoDaddy.com, LLC",19/03/2014 19:08,19/03/2026 19:08
610fe34f-402a-4d41-90da-2642f62d2550,travel.accountant,premium,115,31,6,,,
94c54146-744d-4c33-875d-402451c13a68,travel.accountants,premium,115,31,6,,,
7cf9eb3b-ce92-43e4-816a-8f4bc05b0b3b,travel.actor,available,115,31,6,,,
042be2f8-cc69-4d14-abac-eb882821ff67,travel.adult,premium,115,31,6,,,
bb276652-5484-4fdd-8480-34aaaa509fef,travel.airforce,available,115,31,6,,,
d2911c27-1131-4ed8-9cf2-05e4065b2f5e,travel.apartments,premium,115,31,6,,,
0f8fabcb-abbc-4759-9797-cd8b24b39bcb,travel.app,resell,115,31,6,"Global Domains International, Inc. DBA DomainCostClub.com",18/07/2023 09:52,18/07/2026 09:52
fb57ce39-b284-444c-aeb0-eb8fa2f12992,travel.army,expiring,115,31,6,"Spaceship, Inc.",21/12/2024 15:03,21/12/2025 15:03
0122ead1-eb27-415c-92a9-e7fe5c61a780,travel.asia,premium,115,31,6,,,
3a5f9e94-54ef-4924-9ee8-dcb449fedf0a,travel.at,available,115,31,6,,,
15259949-b17d-4dfc-922e-399c54249b89,travel.attorney,premium,115,31,6,,,
c2254568-27a4-4bbc-a3a3-e55cae8b5930,travel.auction,premium,115,31,6,,,
8e0a96ff-35bf-4d78-88dc-ab666a71d8b4,travel.audio,premium,115,31,6,,,
dd31a6b5-5238-42e4-b291-32ce1a31b9e4,travel.auto,available,115,31,6,,,
a809240a-eead-435d-aea2-1bafc875e7de,travel.autos,sold,115,31,6,"Spaceship, Inc.",23/07/2021 14:35,23/07/2026 23:59
01554078-df36-4647-8d48-410a850ed574,travel.baby,premium,115,31,6,,,
240faf21-45d0-4003-8695-ce5b892e4071,travel.band,premium,115,31,6,,,
b7931e13-da2b-4665-878e-a15369b1d4cd,travel.bar,premium,115,31,6,,,
a8fa5165-77f8-4b93-81f2-14db6ef2f513,travel.bargains,sold,115,31,6,"Name.com, Inc.",21/09/2023 19:48,21/09/2026 19:48
cb673a22-37c5-4d77-b4dd-0a185ca388e5,travel.bayern,premium,115,31,6,,,
6cd6caff-3527-433b-b651-5d6acd101561,travel.beauty,premium,115,31,6,,,
47421089-c8bb-4969-9cf5-0e377c42c679,travel.beer,resell,115,31,6,Alibaba Cloud Computing Ltd. d/b/a HiChina (www.net.cn),19/04/2020 08:56,19/04/2026 08:56
cb8b2fa3-7306-4117-9a8f-99df5211ce5d,travel.berlin,resell,115,31,6,,27/11/2015 20:12,27/11/2026 20:12
ddc85b71-4f00-429c-980e-acdd671c3b59,travel.bid,resell,115,31,6,Porkbun,26/07/2019 14:17,26/07/2030 14:17
27b31073-00d5-4602-8ea2-ee33a82ebf2b,travel.bingo,premium,115,31,6,,,
854a9fd9-a7ca-4462-915b-c00687e364d3,travel.bio,resell,115,31,6,"Xiamen ChinaSource Internet Service Co., Ltd",14/08/2025 15:15,14/08/2026 15:15
395381a5-7f5d-41e4-a1a9-f094ec4bfd6c,travel.black,expired,115,31,6,"Xiamen ChinaSource Internet Service Co., Ltd",27/09/2024 15:15,27/09/2025 15:15
da2f8bd8-ff9e-41df-bc30-eb2e9a53ea3f,travel.blackfriday,available,115,31,6,,,
f7411f31-1f3d-44d7-b7e0-496b263d59ba,travel.boats,expired,115,31,6,"Go Daddy, LLC",09/07/2021 21:24,09/07/2025 23:59
1888a481-21c8-4085-b2b6-665adfdb6d45,travel.boo,premium,115,31,6,,,
e6d6f81e-7846-4006-8b8d-f4b537cd4902,travel.build,premium,115,31,6,,,
9cc6feed-2dfa-4773-b998-28564dadd6a7,travel.builders,premium,115,31,6,,,
fea188ac-869a-4fd6-a759-05745e38db4e,travel.business,expiring,115,31,6,"GoDaddy.com, LLC",07/12/2014 19:49,07/12/2025 19:49
916dbdfa-8edb-4c07-ae91-98403decc4c5,travel.buzz,premium,115,31,6,,,
85de4ea9-00dd-4371-93b8-05743811c80f,travel.bz,resell,115,31,6,Dynadot Inc,22/06/2015 13:03,22/06/2026 13:03
75c16c68-a0c2-4c99-a4a4-07c3de7f32cc,travel.ca,resell,115,31,6,CanSpace Solutions Inc.,25/09/2000 16:42,08/05/2026 04:00
900c0ff6-a0ae-4e9c-8968-27b1853154e2,travel.cab,sold,115,31,6,"Sav.com, LLC",06/09/2025 09:46,06/09/2026 09:46
b0e4b832-89bc-4457-83c1-1cf7af97866d,travel.cam,sold,115,31,6,Cam Connecting SARL,20/09/2016 11:59,20/09/2026 23:59
3d20bbcd-7419-4bd7-90e8-3d6afaa66d10,travel.camera,premium,115,31,6,,,
9cf043b9-19c2-4add-81ec-dd5b2ef55056,travel.camp,resell,115,31,6,"GoDaddy.com, LLC",15/04/2015 18:42,15/04/2026 18:42
3c096967-ee58-44df-acdf-3a01c9a07584,travel.car,available,115,31,6,,,
677b7e2f-5078-4142-9164-121836ef3f0a,travel.careers,premium,115,31,6,,,
a498cdcd-508e-4b20-95b4-3291f094c34e,travel.cars,available,115,31,6,,,
17180421-4406-4c27-97f6-3a7b62614500,travel.cash,sold,115,31,6,GoDaddy Online Services Cayman Islands Ltd.,30/08/2015 18:05,30/08/2026 18:05
06b58040-78dd-4e6e-ba5e-76f589e51d26,travel.casino,premium,115,31,6,,,
4aa6e80f-fd1a-4f18-961f-322fcf32bcde,travel.catering,premium,115,31,6,,,
274d4f25-39d2-4a51-9234-ef89b92de7f8,travel.cc,resell,115,31,6,"22net, Inc.",12/10/2000 04:00,12/10/2026 04:00
e6bba7ee-b4cc-42a4-a85d-d349595e3347,travel.center,premium,115,31,6,,,
ff3cb0e3-930a-4ad3-8353-4620f2ce5467,travel.ceo,premium,115,31,6,,,
01732049-b017-4667-acd0-e2773119da5d,travel.cfd,resell,115,31,6,Dynadot LLC,21/04/2021 11:26,21/04/2026 23:59
7df26bf6-9c96-445c-b60f-4cbdec6aec29,travel.chat,resell,115,31,6,Dynadot Inc,06/09/2023 18:33,06/09/2028 18:33
a8ed8a76-68dd-484b-a03d-99cf5536b1fc,travel.christmas,resell,115,31,6,"Spaceship, Inc.",17/09/2025 16:10,17/09/2026 23:59
e34b37ec-840b-4501-a422-40aec164eb7c,travel.church,premium,115,31,6,,,
aac4cc4f-5e49-4f58-83ce-9ae137f55469,travel.city,premium,115,31,6,,,
805b5ae3-7466-431e-bf11-1355d0cd0324,travel.claims,premium,115,31,6,,,
ac5e315b-5bd0-46b1-84c2-9d238c53d8cb,travel.cleaning,premium,115,31,6,,,
53df8a06-37cf-487c-b507-aa40cb60a522,travel.clinic,premium,115,31,6,,,
bee7c264-944c-4667-b57c-873b5d800f3f,travel.clothing,premium,115,31,6,,,
1c42ceac-3065-4aba-9f0f-79abd974f64f,travel.co,premium,115,31,6,,,
5d3b9987-5df4-45d6-9fa8-bdb348125673,travel.codes,premium,115,31,6,,,
588699a7-cd55-40f8-84dc-86e31feebc3a,travel.coffee,premium,115,31,6,,,
ee2cac79-ffab-46cb-9ecc-c1036b5194fe,travel.college,premium,115,31,6,,,
305b3723-b3a7-4dab-99a1-6e2853cdcc94,travel.com,sold,115,31,6,"GoDaddy.com, LLC",21/09/1992 04:00,20/09/2026 04:00
3b549356-7bb5-4921-a33d-4ec7cd804cfd,travel.community,premium,115,31,6,,,
9cea334c-9a06-46b6-bfa7-1741867f243b,travel.company,sold,115,31,6,"Name.com, Inc.",21/09/2023 20:21,21/09/2026 20:21
67b5b7c8-e75f-4363-ab92-2d8e722f2b77,travel.computer,resell,115,31,6,"Sav.com, LLC",07/06/2024 19:13,07/06/2026 19:13
eadc5694-40de-4831-bc85-5954d83fdcfe,travel.condos,premium,115,31,6,,,
16c41104-3950-4846-9658-77c57679cbde,travel.construction,premium,115,31,6,,,
b235c659-18a6-4b84-b2e2-453e3a93806e,travel.consulting,premium,115,31,6,,,
188c9064-6959-41bb-aaec-2a368380d525,travel.contractors,premium,115,31,6,,,
6582ce40-6aea-4977-a6e5-cfbbc3c3c615,travel.cool,resell,115,31,6,"Sav.com, LLC",13/08/2015 21:53,13/08/2026 21:53
9d144d1c-b602-4e2c-bb76-091fda5d8c0a,travel.coupons,premium,115,31,6,,,
dd7871f9-952e-4694-9130-9793cecfd580,travel.credit,premium,115,31,6,,,
4a112768-09f8-4cfe-b75b-c4f6a650d813,travel.creditcard,premium,115,31,6,,,
8a494c3e-5d17-46cd-aa3f-a9a949eac192,travel.cricket,premium,115,31,6,,,
f21a4b94-6f0a-42cc-8f56-928c1082e9ee,travel.cruises,resell,115,31,6,"Spaceship, Inc.",09/09/2015 16:00,09/09/2026 16:00
bf7634ee-360d-4114-a82c-1b5dbebb4054,travel.cyou,resell,115,31,6,"Xiamen ChinaSource Internet Service Co., Ltd",17/10/2025 00:06,17/10/2026 23:59
eb8de7ae-c693-45cd-a1c0-7fd3be67070d,travel.dad,premium,115,31,6,,,
2a528fc8-94a7-41c8-b2da-9d4b64bb1e5d,travel.dance,premium,115,31,6,,,
83d12597-4acd-43f6-b543-c2c59c26692d,travel.dating,premium,115,31,6,,,
b9039303-0f4b-45eb-b713-3a0e3b727901,travel.day,premium,115,31,6,,,
f1a61c7b-bba2-44cb-a678-ec5d48a44e88,travel.deal,premium,115,31,6,,,
a4b1b2d3-3c6f-481d-a3a6-c24641e7345e,travel.dealer,premium,115,31,6,,,
31d6557a-7797-4787-a3e9-eddaf7d68d85,travel.degree,available,115,31,6,,,
988da585-908d-465d-b772-8960f9434748,travel.delivery,premium,115,31,6,,,
056757d0-2504-4423-96a4-19828266fe49,travel.democrat,available,115,31,6,,,
66624a89-b99c-44ee-baa7-d2418259259f,travel.design,premium,115,31,6,,,
b3b2feba-89e9-4e8a-8b85-8b39dbdde17b,travel.dev,premium,115,31,6,,,
c068b47e-7049-43d7-b8d9-b04941c079b6,travel.diamonds,premium,115,31,6,,,
78017d53-b0bb-40dc-8e0e-3a59520945df,travel.diet,sold,115,31,6,1API GmbH,25/11/2014 16:00,25/11/2026 23:59
3256e96d-5a5f-4285-8c64-4f32cb757e95,travel.discount,premium,115,31,6,,,
d565aa08-6f07-47b3-b641-3b5178e13471,travel.diy,premium,115,31,6,,,
e11c7495-d3d4-44fb-b0b6-5808bc3b64da,travel.doctor,resell,115,31,6,"Go China Domains, LLC",02/11/2016 16:00,02/11/2026 16:00
5c346392-1afb-4454-b103-ecfaf98411ee,travel.dog,premium,115,31,6,,,
07e229a1-cabd-47a6-b088-28e7062d26cf,travel.domains,sold,115,31,6,"Name.com, Inc.",17/09/2018 11:01,17/09/2026 11:01
9bb2e6e1-1e05-4c05-904f-56de72658637,travel.download,premium,115,31,6,,,
b81570c6-6e1a-41b4-8200-23411d35c689,travel.email,premium,115,31,6,,,
9dff3231-479e-4151-8ccb-7a50d754cfda,travel.energy,premium,115,31,6,,,
251ace80-a6a3-43b4-ada3-87b30b0a91f3,travel.engineer,premium,115,31,6,,,
34fd69f2-92cc-4d9d-bb50-50bc15ac10bc,travel.enterprises,premium,115,31,6,,,
48493e15-36c7-4713-a197-3a831d06dd4d,travel.equipment,premium,115,31,6,,,
4864a5ad-39bc-4d55-a5f6-84f18e18f4c0,travel.esq,premium,115,31,6,,,
67e4e20e-fd6c-4757-8014-2ffaa4950dbe,travel.estate,premium,115,31,6,,,
d0ba8ac3-dc21-42d0-9b60-08de96aec3dc,travel.events,sold,115,31,6,1API GmbH,09/09/2015 16:00,09/09/2026 16:00
fa880ec4-cf19-4d8a-b818-48805d410217,travel.exposed,premium,115,31,6,,,
7ae50d37-50b1-48a6-bcec-301a5d7ea743,travel.express,resell,115,31,6,Dynadot Inc,12/07/2015 22:12,12/07/2026 22:12
06526ed8-73d6-4e2a-8a61-a2b15865ae0f,travel.fail,premium,115,31,6,,,
8df966a0-62b1-4930-9a59-1804f413405a,travel.faith,premium,115,31,6,,,
068e3daa-d0bb-4881-b97c-c632945f69bf,travel.family,premium,115,31,6,,,
0243a9ce-bf35-466e-893e-bad100d896d3,travel.fans,premium,115,31,6,,,
72442e7f-702b-4aee-9106-2dc3d68aa8e8,travel.farm,premium,115,31,6,,,
053a2c55-6c14-4f28-bab3-6c4a1182ceda,travel.fashion,premium,115,31,6,,,
95303d94-1263-4281-b75b-03f03c34aa39,travel.film,premium,115,31,6,,,
76ef256c-7f2d-44a6-a536-b8fc998139e2,travel.finance,premium,115,31,6,,,
f3e7ecf9-c1dd-4a2d-a7e2-bb95e40a2c73,travel.financial,premium,115,31,6,,,
75b428ae-a6ab-445c-8d13-cfbb5fdce4b3,travel.fit,premium,115,31,6,,,
3f0b1866-6184-47c2-95a4-1fb76d4f98f8,travel.flights,sold,115,31,6,"Name.com, Inc.",21/09/2023 20:27,21/09/2026 20:27
90b162c9-a8eb-47d7-9dab-70a99321f264,travel.florist,premium,115,31,6,,,
809fa88a-8d10-42ef-9eb2-34609a39b2b0,travel.flowers,available,115,31,6,,,
e9043a83-b2f4-4b68-a57b-bb58afea5b3e,travel.foo,premium,115,31,6,,,
370c0838-8ce4-4c08-b8b0-e1d7f9ba3360,travel.food,premium,115,31,6,,,
8adb09e8-62a8-40b8-a120-ee18e6ee097c,travel.football,premium,115,31,6,,,
7cd91290-6f8e-4019-aa76-f64a7e915a9c,travel.forsale,premium,115,31,6,,,
997a350c-b77c-4f72-8f45-dae18f73f420,travel.foundation,premium,115,31,6,,,
65961efa-565f-49b0-a145-a59b7736a5cf,travel.free,premium,115,31,6,,,
b2c0e1fa-cb0c-48a9-958d-1c7101ceda24,travel.fund,premium,115,31,6,,,
abf3fd8f-201e-4fb3-9536-57ff247a60c0,travel.furniture,premium,115,31,6,,,
0af89e5a-64a7-4b35-a9b1-4ec29acb430c,travel.fyi,premium,115,31,6,,,
a8ff0b60-c109-48b6-ada7-e783cacbd283,travel.garden,premium,115,31,6,,,
517b4cfc-8293-4049-9445-7233d3d666f9,travel.gay,premium,115,31,6,,,
ff06df0c-bb74-473f-9665-cd9218669fbf,travel.gift,sold,115,31,6,"Dynadot, LLC",18/06/2025 23:07,18/06/2026 23:07
ba3542dd-1d3f-487f-b919-b62dc4b1c1c6,travel.giving,premium,115,31,6,,,
e97fdc39-05e5-4200-b585-30e41a609e13,travel.glass,premium,115,31,6,,,
385b8541-8f71-498c-b5aa-709fdfd9daa5,travel.global,premium,115,31,6,,,
cae5cb6e-d7c1-44ab-b37d-1f42a4661092,travel.gmbh,premium,115,31,6,,,
9371b07d-d249-4516-ad62-f882c905da0e,travel.golf,premium,115,31,6,,,
2bd92e17-05ea-4977-bf70-7bd985643b84,travel.graphics,premium,115,31,6,,,
90bb33ea-e19e-4ee7-b518-9e14f3b2627e,travel.gratis,premium,115,31,6,,,
19482052-84c9-4c60-9f85-31b6448ebc39,travel.green,premium,115,31,6,,,
53ead2a8-1f31-493b-befb-cc48f8e97723,travel.gripe,sold,115,31,6,"GoDaddy.com, LLC",19/11/2025 15:17,19/11/2026 15:17
376eadcf-268a-4c06-88b7-bb81c1349263,travel.guitars,available,115,31,6,,,
f2b2e25f-35ab-4824-8243-3f5789a193f0,travel.hair,premium,115,31,6,,,
8d77e339-dda8-49bb-b9e4-fd66950b8242,travel.haus,resell,115,31,6,"GoDaddy.com, LLC",16/07/2016 15:16,16/07/2027 15:16
15ba16df-3c65-4fc1-83d8-e5cc4efc9a30,travel.health,resell,115,31,6,"GoDaddy.com, LLC",08/11/2023 01:36,08/11/2026 01:36
6f8739ce-59fa-45a0-9f34-9c9391468f0f,travel.help,resell,115,31,6,"Spaceship, Inc.",06/05/2019 00:41,06/05/2026 23:59
c05fcb60-dc4e-490d-8d0c-fd6ad0ff51a8,travel.hiphop,premium,115,31,6,,,
fc86e81e-d0d7-42de-8166-d5f63293323d,travel.hiv,premium,115,31,6,,,
2ac37dc4-6295-47e2-8d18-d70f2a163283,travel.hockey,premium,115,31,6,,,
cc70cbb7-0191-4936-b434-7775ce4b819d,travel.homes,resell,115,31,6,"Spaceship, Inc.",01/09/2022 20:39,01/09/2026 23:59
6f570d4b-fb19-48ba-8e72-94cc034a7f7c,travel.horse,premium,115,31,6,,,
2409ae4a-9d99-4183-a834-1df8f6edf0a2,travel.hospital,premium,115,31,6,,,
d28d622a-8e0b-4f28-be8c-3fcce323ad3d,travel.host,premium,115,31,6,,,
92d28c1b-136b-499b-8653-c67fa02d97c6,travel.hosting,available,115,31,6,,,
869c7e71-6ea1-4495-9166-532ec75e9bab,travel.hot,premium,115,31,6,,,
85a80cd5-6945-4505-93a5-d52c0e1635b5,travel.house,premium,115,31,6,,,
5f752b9b-c1e9-4fee-9533-72c3dae53e01,travel.how,premium,115,31,6,,,
c60b9134-e0d0-425a-a07f-611ac90433dd,travel.im,premium,115,31,6,,,
ff4cd1dc-95bc-4bf1-ae2f-2992a5a0f79b,travel.immo,premium,115,31,6,,,
05b3494b-1b84-40f5-bd84-bc88983034fd,travel.immobilien,available,115,31,6,,,
32cf5d79-43a7-4c21-ae7f-aa87c1de4f04,travel.in,expiring,115,31,6,National Informatics Centre,31/12/2004 18:20,31/12/2025 18:20
e0323beb-f8d5-4b1d-b847-716bd8af48c8,travel.industries,premium,115,31,6,,,
d8932d2b-98c7-423f-b21d-e191e6613a43,travel.ing,premium,115,31,6,,,
f2dad952-cff0-44fa-8ae7-8f656f3d2da1,travel.international,sold,115,31,6,Dynadot Inc,21/06/2015 16:00,21/06/2026 16:00
180c4304-580c-4272-a845-8a080537831b,travel.investments,premium,115,31,6,,,
8f8fb22d-b529-4014-9dc7-e48edfc5c31e,travel.io,sold,115,31,6,"Name.com, Inc.",17/05/2024 20:57,17/05/2026 20:57
0dac2c52-b407-4182-81c0-53553d456cf4,travel.it,expired,115,31,6,,29/01/1996 00:00,05/12/2025 00:00
6113169e-6da7-4d1d-9ed4-740249a658e9,travel.jetzt,premium,115,31,6,,,
250e242f-44b1-4c2d-8e97-983c71da4abb,travel.jewelry,premium,115,31,6,,,
78445754-9347-4959-a2b7-965e38e19328,travel.juegos,available,115,31,6,,,
12414a3e-a977-4915-b215-75eadc96c275,travel.kaufen,available,115,31,6,,,
a09e1fb4-1514-4638-8274-b0baed4f0290,travel.kim,premium,115,31,6,,,
058eacd2-fc50-4192-8966-3dcbb6cc3778,travel.la,expiring,115,31,6,West263 International Limited,31/12/2006 01:00,31/12/2025 23:59
42abb5c2-4849-4ff7-a87c-765a1718b1ba,travel.land,premium,115,31,6,,,
d7ce4182-b043-4a00-b176-1be4948fc2af,travel.lat,resell,115,31,6,"Soluciones Corporativas IP, S.L.",31/07/2015 14:31,31/07/2026 23:59
6c0e98c6-49e8-4362-907a-64e2dabfc1b3,travel.law,expiring,115,31,6,"Name.com, Inc.",04/01/2018 12:32,04/01/2026 12:32
24a0da4b-9eb5-40db-bb5c-d9432d102e91,travel.lawyer,premium,115,31,6,,,
d735889c-9837-4224-959a-18a31772ade6,travel.lease,premium,115,31,6,,,
5b5edd42-2151-4a74-95ca-8d0c6eb56db3,travel.legal,premium,115,31,6,,,
2d497045-4414-4f9c-9f3d-6c7626ae4eba,travel.lifestyle,premium,115,31,6,,,
ff6568aa-7eec-4805-a934-b92b5afc4dba,travel.lighting,premium,115,31,6,,,
ebed3ba2-7115-4c48-836c-ac4b118a0c1a,travel.limited,resell,115,31,6,"Sav.com, LLC",08/09/2024 23:12,08/09/2026 23:12
580c6d26-db65-43d9-a21f-3e73ecd3bdf2,travel.limo,premium,115,31,6,,,
aa8fa17e-b5d5-444f-8f5e-f3466c8f1aac,travel.link,resell,115,31,6,1API GmbH,27/07/2017 02:47,27/07/2026 02:47
20d6033e-847c-4494-a474-502921ebe1cd,travel.living,premium,115,31,6,,,
ea93a49d-295a-4c27-addd-67e029f8219b,travel.llc,premium,115,31,6,,,
36e0c46b-27bc-43a5-ada3-e4b12d65d2ec,travel.loan,premium,115,31,6,,,
fd5df987-4506-4005-8cff-89268dae8f36,travel.locker,premium,115,31,6,,,
1d7b3056-8eb5-4c44-9469-af4ddb667078,travel.london,premium,115,31,6,,,
81d181f0-e269-44af-bb38-0af271459578,travel.love,premium,115,31,6,,,
d5dd25ac-2427-4149-8121-102d8edca709,travel.ltda,premium,115,31,6,,,
e571313c-46b9-4e3c-94ef-2e33c99b2d9d,travel.luxe,available,115,31,6,,,
1ba6fd0f-35c6-4bd2-95b2-3b868a7e609c,travel.maison,premium,115,31,6,,,
4ac3156e-d260-4e40-9054-3dfd0f141e79,travel.makeup,premium,115,31,6,,,
79b1ed03-761e-42c8-a7cf-19b90f8894ef,travel.market,premium,115,31,6,,,
cd7e4474-8be1-4511-b270-e37b44fc7304,travel.mba,premium,115,31,6,,,
68d144a3-d166-4fd6-82e0-428f6f251f5d,travel.media,resell,115,31,6,"Chengdu West Dimension Digital Technology Co., Ltd.",14/06/2015 16:55,14/06/2026 16:55
460ad097-1885-4ff4-b4ce-cbb1ed77fd66,travel.melbourne,premium,115,31,6,,,
42151b1c-d633-4d0c-9a75-32fdb345af6f,travel.meme,premium,115,31,6,,,
9e1fa966-e1d8-4521-9b7a-8a23e609a070,travel.memorial,premium,115,31,6,,,
39ad6d1f-08a2-4aa7-8566-dc8bb9bf6c88,travel.men,premium,115,31,6,,,
de0a1b8b-75b0-4efc-bdd8-f1c95d05c676,travel.menu,premium,115,31,6,,,
42a5b597-bfd9-427d-aa14-c9fdd4816c40,travel.mobi,premium,115,31,6,,,
82fab0a6-8753-444a-bb5d-4d182631ab57,travel.mortgage,premium,115,31,6,,,
010e7409-4f17-4c0c-854a-d1c6cf2e8581,travel.mov,premium,115,31,6,,,
8f29c4b1-790c-4b26-bd63-3536cd71d8d1,travel.movie,premium,115,31,6,,,
4d7ea4fe-39cb-48a0-9b37-e091ffd6842c,travel.music,premium,115,31,6,,,
26a6b736-4853-4dac-91d5-ab21d1ffed87,travel.mx,premium,115,31,6,,,
0bfdffd9-b8aa-4bde-a6ed-3295bfbab0db,travel.name,premium,115,31,6,,,
48deb524-7a6a-4c42-b347-25486f587309,travel.navy,available,115,31,6,,,
cbc87170-b949-42f9-af94-85f3a5c5fa53,travel.network,premium,115,31,6,,,
2ce65d61-29a5-4e5d-b11c-6a8eb8aa7f00,travel.now,expiring,115,31,6,"Spaceship, Inc.",05/01/2025 00:36,05/01/2026 00:36
247ca567-93c7-4443-b5da-615401d87be9,travel.observer,premium,115,31,6,,,
6b7704ff-b8dd-48e8-8b76-0d37d86c945f,travel.one,premium,115,31,6,,,
fe1b5e0a-9755-4d3b-b2b5-f44d2aff5eaf,travel.ong,available,115,31,6,,,
626e90ca-d313-48d5-a24d-26fa7a484a9d,travel.onl,premium,115,31,6,,,
66da040a-19a3-4901-81a4-2cebec0a4371,travel.online,premium,115,31,6,,,
8782b77b-1c19-4047-9012-be73aaaa3409,travel.osaka,premium,115,31,6,,,
ce2a77ca-cd0c-4119-9d6d-dfb4066668aa,travel.parts,premium,115,31,6,,,
1b262348-8aa3-45f4-a649-3755da31a005,travel.party,premium,115,31,6,,,
3db49722-43da-462a-803e-e3181501c67f,travel.pet,premium,115,31,6,,,
8e73c4cd-3c08-4138-ae0a-8e234f0e4656,travel.phd,premium,115,31,6,,,
b69b3827-735a-4fe1-9cd8-9356d7aaa01d,travel.photos,premium,115,31,6,,,
cc55ac45-e961-4579-a565-a52bf0ac022a,travel.pink,expiring,115,31,6,"Chengdu West Dimension Digital Technology Co., Ltd.",16/12/2017 10:09,16/12/2025 10:09
a6680169-cc08-4445-8f90-d2d1d563200f,travel.pizza,premium,115,31,6,,,
8060872f-71ae-4ace-adf1-00918c47bb12,travel.place,premium,115,31,6,,,
e9ab635b-c112-40ff-a8dd-f4e1b8195d42,travel.plumbing,premium,115,31,6,,,
c599616d-f847-417f-8927-aff41555ac95,travel.porn,available,115,31,6,,,
ffeacff7-57a9-4b86-9cb2-acf8dca4bae7,travel.press,premium,115,31,6,,,
ec6764e4-bcfa-4b5e-bdf3-f7e6891d540b,travel.productions,premium,115,31,6,,,
6f526375-7327-4912-beba-f0ba2f38765f,travel.prof,premium,115,31,6,,,
67a443ce-9c87-4352-8e29-3991612ab0c9,travel.promo,premium,115,31,6,,,
a947c6aa-a470-49f0-966a-f21c8e37fd4d,travel.property,premium,115,31,6,,,
e96bd7d6-382b-4ac1-a289-166569c148f0,travel.protection,available,115,31,6,,,
c6757e92-f173-48ee-8d92-93fa02913327,travel.pub,resell,115,31,6,Alibaba Cloud Computing Ltd. d/b/a HiChina (www.net.cn),27/07/2014 17:30,27/07/2026 17:30
9e088c81-7d0b-4ba1-b381-8032a45651ba,travel.pw,premium,115,31,6,,,
52689d1c-e889-487e-b85e-6ceb0f28ee65,travel.quest,premium,115,31,6,,,
48469673-2387-4303-b0d9-36f908fbbc65,travel.racing,premium,115,31,6,,,
62625f21-843f-4e10-be6e-695da71a4352,travel.realty,premium,115,31,6,,,
fd4d6ccb-10cf-4b20-8524-07e453f42157,travel.recipes,premium,115,31,6,,,
8ddccc43-30f0-441e-a25c-7e6b76ce94e5,travel.rehab,premium,115,31,6,,,
7c6cf022-7b58-4aec-9576-64321e93d04b,travel.reise,premium,115,31,6,,,
0c25eb7a-f1d6-477f-9588-82ce37d4e9e7,travel.reisen,premium,115,31,6,,,
3e56402d-bd91-4c59-971b-a0f1aa12e15b,travel.rent,premium,115,31,6,,,
d70f8796-937f-4ab6-b431-3260d7a9a29f,travel.rentals,premium,115,31,6,,,
a851a25d-7920-4ab9-a742-8c364fb86246,travel.repair,premium,115,31,6,,,
c4cd3321-1102-4fe2-920c-6ed85b2ecf75,travel.republican,available,115,31,6,,,
3654351a-4280-4e47-91f4-f056eeed07a1,travel.rest,premium,115,31,6,,,
b6ca43f8-9be5-4b39-bc5f-c70ff3a438f0,travel.restaurant,premium,115,31,6,,,
114750df-41b5-4798-bcfe-57c31baeff8e,travel.review,premium,115,31,6,,,
75ad3587-b0f9-46b2-971c-eae942cf6230,travel.reviews,premium,115,31,6,,,
ce8d769c-3b06-4b51-9b07-5d8d2cfabf0c,travel.rich,available,115,31,6,,,
9f3662e8-6a5b-4ce5-88d9-314197829c1c,travel.rip,sold,115,31,6,"Name.com, Inc.",25/11/2025 00:52,25/11/2026 00:52
b8f1cd3f-51a7-44af-a645-de7f393d83b0,travel.rodeo,premium,115,31,6,,,
a2153e41-439a-4d24-a3df-f035b56c8b5f,travel.rsvp,premium,115,31,6,,,
f6a69ff3-62e8-49a6-a682-7139fbc0c26b,travel.run,premium,115,31,6,,,
ec2513e1-1d6c-4d7d-8cb0-3d1e94917579,travel.salon,premium,115,31,6,,,
21c8013e-e5e9-4d76-98a1-abcc0296432c,travel.sarl,premium,115,31,6,,,
1114ffc4-4185-47cb-84a9-c530fe9efb8b,travel.sbs,premium,115,31,6,,,
dce85ea8-6023-440e-8ebe-4a1dc04a9939,travel.school,premium,115,31,6,,,
07da0255-cba4-4744-a8a9-e2730d7a4e28,travel.schule,premium,115,31,6,,,
0d9964be-9162-4740-a3e5-dba48da75d98,travel.science,premium,115,31,6,,,
07c22ce9-e8c1-4dc1-b6eb-48f2ab412ece,travel.security,available,115,31,6,,,
53c597de-90f0-48cd-aa09-38d6f67e6f83,travel.services,sold,115,31,6,Porkbun LLC,09/09/2016 10:15,09/09/2026 10:15
0b1128cf-2550-4559-b1e4-d805c8ba3696,travel.sh,resell,115,31,6,"GoDaddy.com, LLC",13/07/2016 00:30,13/07/2026 00:30
0a1feada-c878-4a8f-b4ff-b675d73a7495,travel.shiksha,available,115,31,6,,,
a2d4272b-61bd-4951-ace4-b411a3beb318,travel.shoes,premium,115,31,6,,,
32a3010e-436a-4634-b25b-e08105d437c5,travel.shopping,premium,115,31,6,,,
9ae864ff-0f93-4fb2-a6a7-8cd7b3ca45d7,travel.singles,resell,115,31,6,"GoDaddy.com, LLC",28/01/2014 01:01,28/01/2026 01:01
a0ffd6a0-0506-4f6e-9dbf-c667db54160b,travel.site,premium,115,31,6,,,
17095a32-d4d1-4702-be8e-9c86d9ddc2bc,travel.ski,sold,115,31,6,Gandi SAS,08/09/2015 10:15,08/09/2026 10:15
37862ecb-dc53-4ab8-ad78-17f8ebb42637,travel.skin,premium,115,31,6,,,
97f6d957-925a-480b-9f5e-992dac3851ff,travel.soccer,premium,115,31,6,,,
47254cb9-e8b8-4781-ab9a-95bb8174268e,travel.solar,premium,115,31,6,,,
c8de051d-9fef-40d7-ad43-3bc7051a08c9,travel.solutions,sold,115,31,6,Porkbun LLC,10/09/2016 12:40,10/09/2026 12:40
d45a8fb1-fed8-42de-a5b8-5beb71eb3149,travel.soy,premium,115,31,6,,,
3a41cf4a-cb7e-4588-828b-9e25f02ef0da,travel.space,premium,115,31,6,,,
95389e5a-b7d2-4c58-be77-c3019c18ce47,travel.srl,sold,115,31,6,"Name.com, Inc.",25/11/2025 01:49,25/11/2026 01:49
a8783e3d-3451-4406-a131-884538184f72,travel.storage,available,115,31,6,,,
9ce7c774-c739-4621-89c4-3f93182c8af0,travel.store,premium,115,31,6,,,
c226a12e-1531-4ee6-a9cb-1af40266e410,travel.stream,premium,115,31,6,,,
275592d9-506d-4b48-b82c-d8c99378b691,travel.studio,expiring,115,31,6,"GoDaddy.com, LLC",05/01/2020 22:15,05/01/2026 22:15
73c5907f-fdcc-4f02-a9ac-06e7c153fe16,travel.study,premium,115,31,6,,,
84f7a6de-6475-44f6-ac10-440c9ce312c9,travel.style,resell,115,31,6,"Wild West Domains, LLC",17/05/2015 16:00,17/05/2027 16:00
a6c3d39c-6862-4f49-a444-96f994460536,travel.sucks,premium,115,31,6,,,
7a9e3147-7431-4f1d-83a6-773b84fb0689,travel.supplies,premium,115,31,6,,,
4644d894-4064-42d8-931c-3ac27cce69b6,travel.supply,premium,115,31,6,,,
0c2a7288-812d-4b48-8b2e-8d134b408392,travel.support,expiring,115,31,6,Dynadot Inc,18/12/2017 19:08,18/12/2025 19:08
1fb86341-9be8-43a5-8957-fee9cd454fa7,travel.surgery,premium,115,31,6,,,
b8be3f38-2ae4-49d3-b171-f6f8a112f14a,travel.sydney,premium,115,31,6,,,
bbe62e51-0061-40cc-add1-b8c7ae93dd9a,travel.systems,premium,115,31,6,,,
e288aa32-92d9-49b9-806e-bae41f353ea5,travel.tattoo,expiring,115,31,6,OVH sas,04/01/2024 15:50,04/01/2026 15:50
152ed84e-2e09-4c30-b77c-219ee42b4236,travel.tax,premium,115,31,6,,,
4a50e487-dd03-4e61-a27a-f921902fb798,travel.team,resell,115,31,6,"Xiamen ChinaSource Internet Service Co., Ltd",04/04/2025 15:15,04/04/2026 15:15
1725e027-ba0b-4f4f-8b67-8b8efa367b6f,travel.tel,premium,115,31,6,,,
66219591-7156-45e5-ab71-a4bfeae08acc,travel.theater,premium,115,31,6,,,
ba8cf2af-af45-4a9c-b626-47616c7fd664,travel.theatre,available,115,31,6,,,
e1624cd9-3b9e-488b-b1f8-c21167336eb5,travel.tickets,expiring,115,31,6,"XYZ.com, LLC",27/09/2018 15:01,27/09/2025 23:59
80dc6494-f774-421a-b72c-f2727be995f8,travel.tienda,premium,115,31,6,,,
01b7d792-fd4e-4e97-a431-32af2b37d498,travel.tires,premium,115,31,6,,,
d49e718e-4164-46bd-ba79-9b384106a749,travel.today,premium,115,31,6,,,
ac3b6e29-f185-4e5b-932e-3497c29054a2,travel.tools,premium,115,31,6,,,
4580c185-3ff2-4c29-bbdb-9646cf713e63,travel.top,sold,115,31,6,西部数码国际有限公司,12/11/2018 09:47,12/11/2027 09:47
77d16b55-aab1-4662-a7cd-19acccc03872,travel.tours,resell,115,31,6,"GoDaddy.com, LLC",03/07/2015 23:51,03/07/2026 23:51
0883ee00-76d9-43f9-ac72-0f8b1079c673,travel.town,premium,115,31,6,,,
9b9c7234-daad-44bf-87ff-16bff8614fcd,travel.toys,premium,115,31,6,,,
7559cc51-0da3-43df-b0aa-3966f97c7194,travel.trade,premium,115,31,6,,,
477be61b-d4b3-45d9-b813-882e00aaf520,travel.training,premium,115,31,6,,,
ea8cad9e-7cc0-4df4-8a5d-8b7a4b6c7318,travel.tube,premium,115,31,6,,,
b0cf38ec-e31f-4eb4-b353-3c417bf86f4d,travel.university,premium,115,31,6,,,
4769d405-4356-4de8-a7c0-8e68e43dc547,travel.uno,premium,115,31,6,,,
eb0a58cb-b43d-441a-8f56-34d24facd575,travel.vacations,sold,115,31,6,"Name.com, Inc.",21/09/2023 20:02,21/09/2026 20:02
6b55b113-fd31-44ad-9c06-37fb128e6b6d,travel.vana,available,115,31,6,,,
4fc33658-c958-4b56-9c5c-8d861f001ebd,travel.vegas,premium,115,31,6,,,
5fc71cf2-4fe8-4eb0-98dd-c149d10f47e0,travel.vet,sold,115,31,6,Mesh Digital Limited,08/09/2020 11:01,08/09/2027 11:01
13911be6-e6dd-4833-ae64-464a0e837885,travel.viajes,available,115,31,6,,,
9c08750c-e168-42bb-b0fb-7d1a6c0f9b52,travel.video,premium,115,31,6,,,
16273742-b8fe-43e8-abcf-3db684ba2f7b,travel.villas,premium,115,31,6,,,
9f1a0eb5-1d21-4222-9351-41e1c7edc9e4,travel.vin,premium,115,31,6,,,
fa8d7826-c88f-4074-aec4-65b24e41f6a1,travel.vip,resell,115,31,6,Go France Domains Inc,23/01/2021 00:11,23/01/2026 00:11
58ddbe71-26a5-4976-b44e-d27f6112f8e4,travel.vision,premium,115,31,6,,,
75c6b2df-3431-4208-bbcb-38e7633209da,travel.vodka,premium,115,31,6,,,
5f47e794-dafd-45b3-af9e-62b1d2b96ff0,travel.vote,available,115,31,6,,,
d6e08373-93ac-401e-8401-b8f16cb1872b,travel.voto,available,115,31,6,,,
4c6f032a-c830-414a-a65e-f2f503afe281,travel.voyage,premium,115,31,6,,,
70ed1d6e-5edf-451f-ba39-151ae82d63ba,travel.watch,premium,115,31,6,,,
1b9a0325-6abc-4bc5-9bb1-86a40200494b,travel.webcam,premium,115,31,6,,,
e8973b52-0ac2-4c40-ba28-b59947cfd254,travel.website,premium,115,31,6,,,
ce26d126-9cb2-4b42-9289-024bd6e4ba05,travel.wedding,premium,115,31,6,,,
0e3bdcde-98ee-4777-8983-5398578ea2df,travel.wiki,resell,115,31,6,"GoDaddy.com, LLC",17/09/2025 19:50,17/09/2026 19:50
c034f31f-8e79-4310-98a9-3882683579dc,travel.work,resell,115,31,6,"GoDaddy.com, LLC",16/10/2019 17:39,16/10/2026 17:39
7f0f2fc0-39bf-4eee-b34d-8aadeb93c788,travel.world,resell,115,31,6,"GoDaddy.com, LLC",09/01/2015 16:00,09/01/2026 16:00
0e227124-53f9-4b11-90f6-c1485679e93c,travel.wtf,resell,115,31,6,"Spaceship, Inc.",27/09/2023 00:24,27/09/2026 00:24
a42e2b3a-952f-4c9a-8de6-1a8173108a88,travel.xyz,premium,115,31,6,,,
776fbe46-2d58-47b9-9c37-a7adec42f008,travel.yachts,resell,115,31,6,"Spaceship, Inc.",26/07/2021 15:52,26/07/2026 23:59
ecb18ea2-7a87-4757-ae78-41269c35b523,travel.yoga,resell,115,31,6,"GoDaddy.com, LLC",26/08/2020 18:57,26/08/2026 18:57
4d183b59-4102-44b7-b508-6bab84213cae,travel.you,premium,115,31,6,,,
204a1212-049d-490c-853f-b07cb84c064e,travel.zip,premium,115,31,6,,,
99a9484f-1feb-4893-add4-6d5bd037c338,travel.zone,sold,115,31,6,"GoDaddy.com, LLC",21/10/2025 09:12,21/10/2026 09:12
78da6679-19a0-4058-b072-d32319584df6,tour.academy,expiring,72,26,4,Squarespace Domains II LLC,31/12/2020 17:44,31/12/2025 17:44
80fbf380-3e74-404d-b594-ac84150a80f8,tour.accountant,premium,72,26,4,,,
c21b7897-498d-484d-a719-092faf64b53a,tour.accountants,available,72,26,4,,,
c0023a25-f623-465e-845f-1c3373d49463,tour.adult,resell,72,26,4,"Name.com, Inc.",09/06/2017 14:29,09/06/2026 14:29
8479b08a-5b43-4291-ab9e-99ab6ff94c5b,tour.ag,available,72,26,4,,,
8a66eaeb-39c2-40f5-b609-666d49717204,tour.agency,sold,72,26,4,Dynadot Inc,09/07/2020 13:12,09/07/2026 13:12
d548dc8e-0ea6-4ccb-ac76-eb52d6f484b3,tour.airforce,available,72,26,4,,,
d53d8e4d-37c7-4c86-b56d-08e5c9e54a2e,tour.app,resell,72,26,4,Dynadot LLC.,04/05/2018 16:00,04/05/2026 16:00
61b8ad90-e7d9-4888-b538-0099e776d09e,tour.archi,available,72,26,4,,,
417370f4-7cd3-4092-8bc0-0791da2a3830,tour.army,available,72,26,4,,,
74699926-b501-4380-9001-96f095fa5a08,tour.art,premium,72,26,4,,,
4c0f98e7-7adc-49e8-821c-7d63ea246b9e,tour.asia,premium,72,26,4,,,
68417323-ea9c-45c2-a0ee-b43acb93151f,tour.associates,premium,72,26,4,,,
008703e9-564b-40fd-94dc-5b1947f5fe60,tour.attorney,available,72,26,4,,,
350281f6-696a-4f11-9796-36eea7f46b79,tour.audio,premium,72,26,4,,,
ab126476-83ca-440c-bc74-df752e2afd00,tour.auto,available,72,26,4,,,
aa9286c4-6bdd-4333-bd2d-1ec17b3c1b83,tour.autos,premium,72,26,4,,,
8b52fbd7-6515-4630-a37a-9245a4d4ec17,tour.baby,premium,72,26,4,,,
0b561e8f-65bf-4028-8bd2-953c56df0fae,tour.band,premium,72,26,4,,,
4a9de10e-3d7f-4c60-87ea-ba644618771c,tour.bar,premium,72,26,4,,,
07634ba3-2ba2-4358-a399-f6590c360aa2,tour.bayern,premium,72,26,4,,,
0c2d98d4-8198-485c-9e31-caa915327a36,tour.beauty,premium,72,26,4,,,
75b4dd82-1d43-440e-827b-8c5e93537b65,tour.beer,expired,72,26,4,"Name.com, Inc.",25/09/2014 16:00,25/09/2025 16:00
47506e5b-612e-4462-9b85-ef19b3a364e2,tour.best,premium,72,26,4,,,
63159be1-e5b8-4db5-9e65-9064f5eb8d0d,tour.bet,resell,72,26,4,Epik LLC,11/04/2018 01:40,11/04/2026 01:40
a2f6c363-af03-4736-a6bd-245cddba204f,tour.bid,resell,72,26,4,Porkbun,26/07/2019 15:04,26/07/2026 15:04
33d25fc3-852c-4eed-9dbe-d5877e8c6020,tour.bike,sold,72,26,4,"NameCheap, Inc.",18/11/2025 08:48,18/11/2026 08:48
ec4ee11c-ac2a-4c5d-bc9e-cd19d6cec4b8,tour.bingo,resell,72,26,4,"Sav.com, LLC",04/05/2025 08:59,04/05/2026 08:59
02333143-754e-48c0-b6fd-32c31fc92438,tour.biz,resell,72,26,4,"Alibaba Cloud Computing (Beijing) Co., Ltd.",31/05/2017 17:02,30/05/2026 23:59
61126584-f61a-481d-be66-364171de27ee,tour.black,available,72,26,4,,,
4499be8c-081f-4925-86b6-0c1d6ba802ba,tour.blackfriday,available,72,26,4,,,
70089e01-8422-40cd-b703-d56299b83927,tour.blog,premium,72,26,4,,,
d7c8188f-b14c-4a19-9d3a-acbefe1bac36,tour.blue,resell,72,26,4,"Spaceship, Inc.",23/10/2022 13:15,23/10/2026 13:15
260edec6-0244-458c-9ac5-ae65ab89143b,tour.boo,premium,72,26,4,,,
b5c9c8e0-a69d-45cc-b243-ebefe1dff72d,tour.boutique,resell,72,26,4,Dynadot Inc,28/06/2025 17:00,28/06/2026 17:00
39451cbc-94f0-4597-9d64-4b2122a61322,tour.build,premium,72,26,4,,,
59c97bd8-9fc2-4a7c-8327-caa018f2c23d,tour.buzz,expired,72,26,4,Dot Strategy Co,15/08/2017 14:25,15/08/2025 14:25
bdcb7e24-98a3-41cd-9d31-f9c7d7d2ea17,tour.bz,resell,72,26,4,PDR Ltd. d/b/a PublicDomainRegistry.com,04/05/2012 19:24,04/05/2026 19:24
62c6d1da-2017-4552-879b-8a3d7f7e6d11,tour.cafe,resell,72,26,4,"Chengdu West Dimension Digital Technology Co., Ltd.",01/10/2020 13:40,01/10/2026 13:40
b786ab4b-44cc-4c69-b5cb-0ccf4d035ed6,tour.cam,premium,72,26,4,,,
4bf2d888-ad5d-4f2b-8233-217e2e259692,tour.camp,expired,72,26,4,"Sav.com, LLC",21/10/2024 20:39,21/10/2025 20:39
c0d0c004-874a-47b6-a694-c2195db1b447,tour.car,available,72,26,4,,,
06f86a98-cca2-4c59-b12a-6fb208fd966b,tour.cards,premium,72,26,4,,,
027262b2-1d1b-4414-81e1-ee32e164bbd6,tour.cars,available,72,26,4,,,
e1c85a00-6d56-40cb-adf2-b37d8a301b83,tour.casino,sold,72,26,4,"Sav.com, LLC",12/10/2025 09:14,12/10/2026 09:14
f471a7ce-2224-438e-9faa-c6159e9a9f10,tour.cc,resell,72,26,4,"22net, Inc.",26/05/2004 15:02,26/05/2026 15:02
1b5ef327-b720-4638-abe3-aa07a5be03d1,tour.cfd,premium,72,26,4,,,
2f579882-25e4-4085-af67-f0c5301286d1,tour.charity,expired,72,26,4,Porkbun LLC,22/10/2024 01:41,22/10/2025 01:41
89ae64c7-2ec7-470f-83cc-a68598601f35,tour.chat,sold,72,26,4,Dynadot Inc,20/11/2023 13:03,20/11/2026 13:03
ce2dbbec-5621-4a4f-9624-22c452a954cb,tour.cheap,premium,72,26,4,,,
4907f069-767e-49fe-9c97-40d2980db883,tour.city,premium,72,26,4,,,
235f57f8-a692-45e3-b119-9bcda2654ad0,tour.cleaning,available,72,26,4,,,
e30552ef-825f-40bc-b22a-f2b1bac2930f,tour.clinic,premium,72,26,4,,,
d70ea985-9524-496b-8d91-d6a55ef7d8f3,tour.clothing,available,72,26,4,,,
35d3524c-26ef-41a1-9458-4c903c228d82,tour.cloud,premium,72,26,4,,,
6d9bcf2e-ced8-41f1-8872-f2f936023fad,tour.club,expired,72,26,4,"GoDaddy.com, LLC",07/10/2015 02:07,06/10/2025 23:59
3ee8eb39-475b-45e4-b905-65e149d026f9,tour.co,resell,72,26,4,Hello Internet Corp.,25/02/2010 01:16,24/02/2026 23:59
132e109b-0cd6-43fe-8494-4aa28c864eff,tour.codes,available,72,26,4,,,
69f5de29-fca9-46eb-aa3a-d53c2ac091cc,tour.college,premium,72,26,4,,,
ba707aab-0804-47cb-a8b0-46e235e3ba3c,tour.community,sold,72,26,4,Squarespace Domains II LLC,10/09/2020 19:25,10/09/2026 19:25
cd1bec82-b15e-40cf-a43e-fb6a58e0f33b,tour.company,resell,72,26,4,"Sav.com, LLC",28/08/2019 18:00,28/08/2029 18:00
1fae6450-b04d-47f6-bb7a-15bbe13c3688,tour.computer,resell,72,26,4,"Sav.com, LLC",08/07/2023 01:28,08/07/2026 01:28
4b7b191c-c1a2-4bdf-ae6f-ee7687eed8ca,tour.condos,premium,72,26,4,,,
f3e510af-ed60-438b-bfdb-2b2f16cfe03f,tour.construction,available,72,26,4,,,
07199475-76a3-459b-bcd0-aecfee5be107,tour.consulting,premium,72,26,4,,,
f08faa0a-e345-44b8-aa8e-0300e9289c73,tour.contact,resell,72,26,4,Porkbun LLC,24/02/2022 13:15,24/02/2026 13:15
217d03fe-5913-460b-8528-c678993a58a9,tour.contractors,available,72,26,4,,,
50404a20-5523-4024-97fa-b958f348f7e2,tour.cooking,premium,72,26,4,,,
c53676b1-dbf7-4af6-bb99-1154cd365ba5,tour.cool,premium,72,26,4,,,
5122a83d-8e47-470e-858a-8a5c051b5c10,tour.country,available,72,26,4,,,
475a37a0-2410-46dd-b948-f7219aa29df6,tour.coupons,available,72,26,4,,,
4d356e61-2f01-4d1c-ac02-91631a352f58,tour.courses,premium,72,26,4,,,
1c096bf4-ccf4-41c4-80f6-5b5c07c3454c,tour.credit,available,72,26,4,,,
2498333d-ae9b-44f1-a350-5e6b84edf374,tour.creditcard,available,72,26,4,,,
691be52f-6402-41ad-96d6-871ed233a2f6,tour.cricket,premium,72,26,4,,,
a8764a18-925e-4f53-8fef-97aeb903796a,tour.cruises,expiring,72,26,4,Squarespace Domains II LLC,31/12/2020 17:44,31/12/2025 17:44
44959caa-cdaa-4bf1-997b-0e95c69bc5cc,tour.cx,resell,72,26,4,West263 International Limited,28/04/2023 00:00,28/04/2026 17:55
42303a4e-58ae-4bb9-896f-ca8a735fb06f,tour.cyou,premium,72,26,4,,,
207644ee-19b6-4d80-a1a8-d97b54b63940,tour.dad,premium,72,26,4,,,
34612506-3b5c-4067-bcd2-ce782844d2eb,tour.dating,sold,72,26,4,Domain Science Kutatási Szolgáltató Korlátolt Felelősségű Társaság,28/09/2025 15:15,28/09/2026 15:15
85852fea-9e14-48a8-a951-f618a84baef0,tour.day,premium,72,26,4,,,
4a3ea618-6ead-4709-a9a9-67d5f64383fb,tour.deal,premium,72,26,4,,,
688d5e07-52d6-4858-8e15-6a7b33f2c7af,tour.dealer,premium,72,26,4,,,
ee2bfb6d-43aa-4be6-a654-9292f35fc904,tour.deals,premium,72,26,4,,,
dbc9e33b-0c82-4647-a5bb-3449aad2e987,tour.degree,available,72,26,4,,,
4c6ab334-b8ca-4c65-8de6-7025fcc97f66,tour.delivery,expired,72,26,4,"GMO Internet Group, Inc. d/b/a Onamae.com",24/09/2024 14:49,24/09/2025 14:49
b204310d-00e0-4c2a-baaf-5a8f1fe4a1c6,tour.democrat,available,72,26,4,,,
f46ebf5f-c360-4737-a1f8-2af6af263f2f,tour.dental,expired,72,26,4,Porkbun LLC,22/10/2024 01:41,22/10/2025 01:41
b9cc8e67-bc55-45fd-8688-eedf45271a8e,tour.dev,sold,72,26,4,"CloudFlare, Inc.",07/09/2025 11:20,07/09/2026 11:20
5b169335-39a4-48cb-8ec9-0f8797b3795b,tour.diamonds,available,72,26,4,,,
200a1591-51a4-4e92-b718-162dc3efab12,tour.diet,available,72,26,4,,,
1c66d921-2c1c-4fb3-8b87-7bf25a6f0aa3,tour.digital,resell,72,26,4,Porkbun LLC,04/12/2018 14:04,04/12/2026 14:04
50752ae1-383f-4fdb-9c22-7080e4beac93,tour.direct,sold,72,26,4,Dynadot Inc,08/12/2020 08:07,08/12/2026 08:07
ef10d536-0468-4a4d-8b80-1ad240489da9,tour.directory,expired,72,26,4,"Spaceship, Inc.",02/10/2023 15:15,02/10/2025 15:15
bb49e3dd-e4f2-4044-b1b0-ff93e03c5413,tour.discount,premium,72,26,4,,,
4975e573-8296-4cde-89d4-f108100a5a09,tour.diy,premium,72,26,4,,,
b84e6711-ceb0-4f6f-a93a-cdca637f2d50,tour.doctor,expired,72,26,4,Porkbun LLC,22/10/2024 01:41,22/10/2025 01:41
5b067e88-d691-4a4e-a87a-b53feee0e887,tour.domains,premium,72,26,4,,,
9133d02f-875a-4f95-a3aa-11aca82236a6,tour.download,premium,72,26,4,,,
034f7ef8-bea5-4c13-993f-4a9a1b4207b9,tour.earth,expiring,72,26,4,"GoDaddy.com, LLC",05/01/2020 15:05,05/01/2026 15:05
98a850de-73b1-4f1c-b215-382401a3e5e4,tour.energy,available,72,26,4,,,
2c9a1e80-dae0-4a64-b839-6b31bb9134cf,tour.engineer,expired,72,26,4,Porkbun LLC,22/10/2024 01:41,22/10/2025 01:41
c6a22f5b-2bf8-4d34-8d59-33fed394f033,tour.esq,premium,72,26,4,,,
ae97bc58-9038-4263-be09-8d4987301b79,tour.estate,premium,72,26,4,,,
4b3d1edd-d0ea-4b4e-83c2-2ba25f1c948a,tour.exchange,premium,72,26,4,,,
564d18eb-b205-498f-8b4f-a000b69a0f8d,tour.expert,sold,72,26,4,"NameCheap, Inc.",16/09/2022 16:49,16/09/2026 16:49
d1881fc1-6a48-4803-80c4-b07fa39ea23e,tour.exposed,premium,72,26,4,,,
6ec96e06-c767-4f6b-96e7-fdfd549259d5,tour.express,sold,72,26,4,Dynadot Inc,02/10/2019 22:46,02/10/2026 22:46
e5c4dcfa-2df3-4b65-b248-5e4f68a08926,tour.fail,premium,72,26,4,,,
68a65e49-48e1-45f1-a9a1-d9a2067bc6ae,tour.faith,premium,72,26,4,,,
b885e0a1-2856-4fa4-aa9d-dd388ea8a9a4,tour.family,premium,72,26,4,,,
0fb8ddf1-9bea-4a54-927d-516fd9e5a18e,tour.fan,premium,72,26,4,,,
0e28a524-0e15-4661-bfd6-9e422a898424,tour.fans,premium,72,26,4,,,
979dce04-52bf-4484-b390-be45883f9bcf,tour.farm,expiring,72,26,4,Squarespace Domains II LLC,31/12/2020 17:44,31/12/2025 17:44
65ca672c-e609-45b0-8ba3-871aed9a00a9,tour.fashion,expired,72,26,4,"Spaceship, Inc.",30/11/2022 10:36,30/11/2025 10:36
116562c2-3af7-4e52-8dff-5b1df43cc98b,tour.fast,premium,72,26,4,,,
b633f072-da1c-4ba6-8ed4-76ae37350dfa,tour.film,premium,72,26,4,,,
dee51521-0f93-4016-a100-7ee7b1c8df1c,tour.financial,premium,72,26,4,,,
e38001b8-1297-4c09-94d9-49f4b20c3776,tour.fish,premium,72,26,4,,,
dddb99bf-c90e-4c51-998c-f03bc20acb92,tour.fishing,premium,72,26,4,,,
52ddeffe-d80e-41ce-9043-f2d0395578a2,tour.fitness,premium,72,26,4,,,
4bb92a5b-d22b-4081-b1f3-aebe21d292e8,tour.flights,premium,72,26,4,,,
03dc578d-df7a-4a12-8fce-b16c8304874a,tour.florist,available,72,26,4,,,
77e3e4f5-1e54-4f0e-9e2d-92d3ceab4021,tour.flowers,premium,72,26,4,,,
d60541c7-b160-42b6-b5d6-bd475088e44f,tour.fm,resell,72,26,4,Edomains LLC,15/10/2023 02:31,15/10/2025 23:59
f0e71b32-395a-450d-86b5-99e9464857d2,tour.foo,premium,72,26,4,,,
9dbf540e-1c94-4fea-be52-a0b25d21e7ac,tour.forsale,premium,72,26,4,,,
80bfe2b4-1498-452a-8959-3c3caf1df685,tour.forum,premium,72,26,4,,,
b773117b-3897-4d09-a47d-7bf353c118fe,tour.foundation,premium,72,26,4,,,
46d93732-4f55-456f-90af-5d0006b48ae5,tour.free,premium,72,26,4,,,
48cbc78d-b04f-4dc3-b5f7-09e6edc8ca19,tour.fun,premium,72,26,4,,,
4db4de1a-5ad2-482e-8d13-593b22de75ea,tour.furniture,available,72,26,4,,,
79924c01-5cef-4bd0-8fc7-c4d81127ba7a,tour.futbol,available,72,26,4,,,
99f339b6-2d14-48ff-8191-589256ad7455,tour.fyi,sold,72,26,4,"Spaceship, Inc.",02/06/2018 01:36,02/06/2026 01:36
365b809e-6908-4dd9-86e8-7111fcc9772d,tour.game,premium,72,26,4,,,
2f6c2387-0e20-48ff-a50b-9257b1a0c14b,tour.garden,premium,72,26,4,,,
409f3d76-0189-4155-9526-5c2d83ff8ac1,tour.gay,premium,72,26,4,,,
96960db0-17c6-47ee-a6ab-cb7234c414bd,tour.gift,premium,72,26,4,,,
5eaf85f2-be92-4640-9ef3-8275e792e4b9,tour.gifts,premium,72,26,4,,,
23705e62-d5e9-4777-82bf-3da487b49fc1,tour.gives,available,72,26,4,,,
b7b23f02-8957-45cf-be49-57ce8534531d,tour.giving,available,72,26,4,,,
68197f49-0908-4fb5-b835-431dc86095b7,tour.glass,available,72,26,4,,,
cb3db881-3d45-402e-b614-f143127df684,tour.global,premium,72,26,4,,,
818edff1-ecb5-4575-8a7f-6012b08260bb,tour.gmbh,available,72,26,4,,,
fe94202f-e94b-4c6b-8729-64a68ec56b27,tour.golf,premium,72,26,4,,,
a08b36c0-afe3-4a2c-b91c-c77020e63513,tour.green,premium,72,26,4,,,
4f648343-fbda-4fab-9d4d-fc47e5210e51,tour.gripe,premium,72,26,4,,,
75f132a1-aceb-4dec-b0cb-44e8bc743b7f,tour.group,resell,72,26,4,Alibaba Cloud Computing Ltd. d/b/a HiChina (www.net.cn),05/06/2016 16:00,05/06/2028 16:00
2c4b15a2-c960-4e03-97a9-43ddc77cf2cd,tour.guide,premium,72,26,4,,,
581c5cc2-cdea-47c2-b1b3-b060ee9ad8e9,tour.guitars,premium,72,26,4,,,
73878a34-ce4f-41aa-930b-6367fbbe26ff,tour.hair,premium,72,26,4,,,
626eae8b-193f-4e09-a6ca-cbe15cd08194,tour.haus,expiring,72,26,4,Porkbun LLC,18/12/2023 21:19,18/12/2025 21:19
5b5329c5-3427-4e99-aea7-aa862b6d96c0,tour.healthcare,expired,72,26,4,Porkbun LLC,22/10/2024 01:41,22/10/2025 01:41
446f2ab8-c1c9-409b-9564-fd631bf24df5,tour.help,premium,72,26,4,,,
a27e9758-5879-40e4-8259-557e133f4697,tour.hiphop,premium,72,26,4,,,
50d2024c-f71c-44e0-b8f4-1203101f1a27,tour.hiv,available,72,26,4,,,
adc99bdf-b24f-4d8d-957f-e50b3082a66b,tour.hockey,available,72,26,4,,,
bd69d52e-ad1f-423e-9b79-af6c5603fd24,tour.holdings,available,72,26,4,,,
4819a24c-c853-4e0e-9c89-6d0d3dfe0b7a,tour.homes,premium,72,26,4,,,
c3a6f1e6-6689-48f6-8a28-65d3e9307e6b,tour.horse,premium,72,26,4,,,
dfdaba58-327e-410b-a4f5-758d6a91d580,tour.hospital,expired,72,26,4,Porkbun LLC,22/10/2024 01:41,22/10/2025 01:41
aa35d116-ce0a-438b-b5b5-7f128192f108,tour.host,premium,72,26,4,,,
048ce227-112e-461a-bd3d-00b1d53273b6,tour.hosting,available,72,26,4,,,
c76dc1e9-4810-49e0-b287-c2f0659d6e45,tour.hot,premium,72,26,4,,,
75a98caa-abe9-46ec-b11a-510549069623,tour.house,sold,72,26,4,Dynadot Inc,14/05/2019 12:38,14/05/2026 12:38
26bb8dda-7842-4652-bfbf-5e5bd93a8ec7,tour.how,premium,72,26,4,,,
f33440ae-74e9-4ed9-85da-d8812601bd3f,tour.icu,premium,72,26,4,,,
6bf24849-56b7-4ed5-95d8-e4bb4f769931,tour.im,premium,72,26,4,,,
f2907d34-e357-41ff-a978-678f0e4f3e57,tour.immo,premium,72,26,4,,,
729a833d-2eb9-424b-9e84-5d216ebb238e,tour.immobilien,available,72,26,4,,,
1e406ee3-bbcb-4d1a-be3a-3532bc347a8e,tour.inc,premium,72,26,4,,,
26ec211c-2046-46ab-aef9-f2815cca636f,tour.industries,premium,72,26,4,,,
3e711b68-028e-4bed-bced-1bc5188be54c,tour.ing,premium,72,26,4,,,
0cebfdde-110c-4263-8a31-2db764ee5b99,tour.institute,expiring,72,26,4,Porkbun LLC,04/01/2025 07:33,04/01/2026 07:33
b18f0fea-5094-4b78-a64d-d074c35534b5,tour.insure,resell,72,26,4,"Sav.com, LLC - 43",07/10/2025 15:16,07/10/2026 15:16
9fcea5d1-f9d4-40ac-b68c-0483c88ccc5e,tour.investments,expiring,72,26,4,Porkbun LLC,04/01/2025 07:33,04/01/2026 07:33
f0f31756-feea-411d-a3de-05ca46b50991,tour.io,resell,72,26,4,"GoDaddy.com, LLC",25/02/2011 02:03,25/02/2026 02:03
b35a7daa-29bb-4bb2-804a-8784e164d94e,tour.irish,available,72,26,4,,,
9367bb6e-5ddf-4f54-9779-65e3694e1fc1,tour.it,expired,72,26,4,,04/12/1997 00:00,04/12/2025 00:00
0f0424bd-5a4c-4446-b4e1-c86058af4939,tour.jetzt,available,72,26,4,,,
944a1197-bffa-4cc4-aaf4-e6cce713b4a7,tour.jewelry,available,72,26,4,,,
db3abf4c-c427-4531-bb63-cc073ed76c17,tour.juegos,available,72,26,4,,,
adef7906-42de-4e43-bb7b-3b39062f2a82,tour.kaufen,available,72,26,4,,,
0a0e5933-79d5-4ff0-8ba1-838396b6c0b3,tour.kids,premium,72,26,4,,,
8941cf58-68f1-48df-a806-c24582d99ee4,tour.kim,available,72,26,4,,,
40147307-0aa4-4290-a461-32f3a7dd6108,tour.kitchen,available,72,26,4,,,
72992787-b135-4bf8-bc1b-3eecb2ece3b9,tour.la,resell,72,26,4,LA Domain Names,21/04/2022 08:20,21/04/2026 23:59
3938fe05-921a-448b-bc91-cdd74367e6c9,tour.lat,premium,72,26,4,,,
a7d8370e-bffd-4d07-8bb7-76abb33ea6af,tour.law,available,72,26,4,,,
7d777d3f-6f5d-4a7f-90f1-460ccc4b6b27,tour.lawyer,expired,72,26,4,Porkbun LLC,22/10/2024 01:41,22/10/2025 01:41
924f0833-104c-41b6-be69-f505b36d2476,tour.legal,available,72,26,4,,,
a8687e93-2223-40e5-86db-68101fbd7a36,tour.lgbt,available,72,26,4,,,
04c0c130-8333-4478-86cd-32a07cd34629,tour.life,resell,72,26,4,"Chengdu West Dimension Digital Technology Co., Ltd.",03/12/2019 08:31,03/12/2026 08:31
fe9adf75-bc71-4c23-85d1-19975e32c0d8,tour.lifestyle,premium,72,26,4,,,
8fbf668a-5bd7-4880-8602-4a26582bc73b,tour.limo,sold,72,26,4,Domain Science Kutatási Szolgáltató Korlátolt Felelősségű Társaság,03/12/2025 15:15,03/12/2026 15:15
d536e87a-9605-4790-a1cd-4308fcc4dce5,tour.live,resell,72,26,4,"Name.com, Inc.",29/06/2016 01:42,29/06/2026 01:42
873a29db-7d56-479c-8b65-4f6786cddab4,tour.living,premium,72,26,4,,,
3dbafaa2-2bda-403b-83a8-5c6f7e067d8e,tour.llc,premium,72,26,4,,,
f6916a92-bb9b-4eb2-80d5-c079930283c9,tour.loan,premium,72,26,4,,,
f05a0d06-3485-4604-a83a-91d233e06b18,tour.loans,available,72,26,4,,,
8c05ab8c-b24c-4657-bc28-0f6ab41d2af0,tour.locker,premium,72,26,4,,,
a7d93366-996e-4a04-a970-cee6a5eb32af,tour.london,premium,72,26,4,,,
39cdc685-101a-47ed-b876-62b099c7c4cd,tour.love,premium,72,26,4,,,
5fd936d5-6bed-4dce-bbfd-2077fd7b59a0,tour.ltda,premium,72,26,4,,,
29515f9d-a3e7-41d0-abd2-066e7573bd01,tour.luxe,available,72,26,4,,,
3220c935-604a-4bbc-a05a-eaa37a6a9913,tour.luxury,sold,72,26,4,Edomains LLC,24/10/2025 00:03,24/10/2026 23:59
368781fc-356e-4f0e-8fd6-98fb9be2bc49,tour.maison,available,72,26,4,,,
67c8b003-069f-414b-a283-c34f33708872,tour.makeup,premium,72,26,4,,,
b6fa8a9b-3661-4bbe-bc7a-c6a2fe4f28f5,tour.management,sold,72,26,4,1API GmbH,27/05/2020 10:26,27/05/2026 10:26
a2414a6c-86e1-48aa-94db-029656ae1d14,tour.marketing,expiring,72,26,4,Squarespace Domains II LLC,31/12/2020 17:44,31/12/2025 17:44
e4c9e7b3-b8e6-45bb-82f8-2895f40e5eb4,tour.melbourne,expired,72,26,4,Dreamscape Networks International Pte Ltd,05/12/2014 01:45,05/12/2025 01:45
5ecb9252-e642-4fd2-a1c3-6b143dcd34c4,tour.meme,premium,72,26,4,,,
0d8557cd-757b-44c7-a662-54c3dbe63b67,tour.memorial,premium,72,26,4,,,
d3082e78-a6a3-449d-80f9-841f9400d5e6,tour.men,premium,72,26,4,,,
3b99a4f2-2ff7-48e0-8723-34e8c102bc92,tour.menu,premium,72,26,4,,,
29ea1805-d27f-46fd-a6fe-85fad9bf7990,tour.miami,premium,72,26,4,,,
f4fb42a4-d78b-42ea-ac0a-76f157f9280e,tour.mobi,expiring,72,26,4,"Spaceship, Inc.",26/09/2006 14:00,26/09/2025 14:00
49b8698a-a11c-4d4a-b13d-21d10bbb7de9,tour.moda,available,72,26,4,,,
9d3dad2d-04f6-4f9a-af7e-67e46a66e40b,tour.moe,premium,72,26,4,,,
db68f6a4-ee0b-4eca-8df9-d4fbb997bd0e,tour.mom,premium,72,26,4,,,
2c70b888-d2e6-4ff8-b8d6-5073dafa2def,tour.money,resell,72,26,4,"Sav.com, LLC - 27",19/11/2025 15:15,19/11/2026 15:15
674ebb2c-d982-4212-85c0-e3cb619a7d2a,tour.monster,premium,72,26,4,,,
50867889-4550-4cac-9bad-10e89600d2db,tour.mortgage,available,72,26,4,,,
b0e49906-42e1-4292-b4b4-4df18fff6ed1,tour.motorcycles,premium,72,26,4,,,
75b9d1a4-0e52-47a7-816d-cce49701c1e9,tour.mov,premium,72,26,4,,,
be66d581-e877-4138-8d1b-b5c053b32249,tour.movie,available,72,26,4,,,
2bc979a9-2d22-4352-8cbc-ed29369db220,tour.music,premium,72,26,4,,,
1e82dbf4-53da-455d-bbf7-e865928e7610,tour.navy,available,72,26,4,,,
9457cb5e-5668-4053-91e7-a6026156451a,tour.network,expiring,72,26,4,"GoDaddy.com, LLC",12/12/2021 20:18,12/12/2025 20:18
b47b36dc-1da9-47a5-a3a0-ffb6685adf7b,tour.nexus,premium,72,26,4,,,
8fd1d335-09de-474c-8d66-1eb4caae2fec,tour.ngo,expired,72,26,4,Porkbun LLC,22/10/2024 01:41,22/10/2025 01:41
6211d27a-3fa1-412c-9c51-a0604facd73a,tour.ninja,sold,72,26,4,Dynadot Inc,08/07/2019 21:34,08/07/2026 21:34
0169ff7e-decc-4144-90ba-278b9b4ee8cd,tour.now,resell,72,26,4,Dynadot Inc,02/10/2024 18:02,02/10/2026 18:02
aa0b64b8-b8f0-4050-a283-245479637378,tour.nyc,resell,72,26,4,"GoDaddy.com, LLC",10/10/2016 01:08,09/10/2026 23:59
25de0652-a929-41de-a30e-9189b6ca257f,tour.observer,premium,72,26,4,,,
07dfc6dc-b75e-4e25-a4bf-b8d70514f957,tour.one,premium,72,26,4,,,
2ca3131c-977c-41bc-88aa-ae57ede7d7b2,tour.ong,available,72,26,4,,,
7079629e-0556-4249-a468-fbc66b581a4f,tour.onl,premium,72,26,4,,,
6b38684a-145c-44a3-88f2-638751d10aa4,tour.online,premium,72,26,4,,,
ee9e9124-5eae-4380-82ea-257b9baf52b6,tour.ooo,resell,72,26,4,"Porkbun, LLC",27/10/2014 08:23,27/10/2026 23:59
bbf262d0-b5de-46ad-86b1-602c76f65988,tour.organic,available,72,26,4,,,
eed2d993-3253-4f2e-aab2-9341ae196290,tour.osaka,premium,72,26,4,,,
5cba65d0-91cc-4547-a43e-7b27c6442bb1,tour.page,premium,72,26,4,,,
9be67499-73a8-44f6-a19c-ea3695622a51,tour.partners,premium,72,26,4,,,
63319700-03c4-479b-b23a-bd161b76d606,tour.party,premium,72,26,4,,,
12cd821d-c05a-46dc-9ab2-42cfb6bd063e,tour.pet,sold,72,26,4,"Name.com, Inc.",21/10/2025 15:29,21/10/2026 15:29
94aa3095-e718-4c4e-b89d-34d1f96f9e56,tour.phd,premium,72,26,4,,,
a2b5dc49-2b32-4170-9f88-dc036a754d26,tour.pink,resell,72,26,4,"Sav.com, LLC - 19",19/10/2025 15:16,19/10/2026 15:16
52df93d8-b3d2-4739-bec1-cdc96a588d40,tour.pizza,expiring,72,26,4,Tucows Domains Inc.,31/12/2020 17:48,31/12/2025 17:48
c9af4ec7-4542-438c-be7b-490d2fe7d4d8,tour.plumbing,available,72,26,4,,,
5f3bd00c-a62b-47e0-b6e2-1dfd61dc93ae,tour.plus,resell,72,26,4,"DNSPod, Inc.",24/09/2019 10:09,24/09/2026 10:09
35119597-10a9-4b97-9e36-e7276ee4d018,tour.poker,premium,72,26,4,,,
5babdd1a-b39e-4e8e-a717-c841a8c3e7f9,tour.porn,resell,72,26,4,"Name.com, Inc.",09/06/2017 14:26,09/06/2026 14:26
591e673d-0020-4233-b85e-0a86491ef77d,tour.press,premium,72,26,4,,,
bc5517e6-bda6-4b9b-b248-5ad220643117,tour.pro,resell,72,26,4,"Net-Chinese Co., Ltd.",08/05/2007 00:00,08/05/2027 00:00
0499aca0-18d5-426d-9dd9-9bbbe1a017b7,tour.productions,premium,72,26,4,,,
de6aab47-b6a5-4a8d-b049-27edb25e7a6c,tour.prof,premium,72,26,4,,,
f0f0007f-b074-4db4-95f9-217a889d8a50,tour.promo,premium,72,26,4,,,
3b5db411-67bb-422c-ba15-c2851a30e678,tour.properties,premium,72,26,4,,,
ba2e8f54-279f-4b6c-ab02-0c34c9013f90,tour.property,premium,72,26,4,,,
0a638c0e-c485-4889-8421-ba8f3c112547,tour.protection,available,72,26,4,,,
c38b36db-0d84-4e14-bc04-312e726e6c58,tour.pub,resell,72,26,4,Alibaba Cloud Computing Ltd. d/b/a HiChina (www.net.cn),24/07/2022 13:15,24/07/2026 13:15
c8856ba6-5af6-439c-91c1-71c2feefeea1,tour.pw,resell,72,26,4,"CHENGDU WEST DIMENSION DIGITAL TECHNOLOGY CO., LTD.",28/01/2016 13:04,28/01/2030 23:59
8415993f-daa0-4665-b888-2e85ca74e046,tour.qpon,available,72,26,4,,,
6d8a9929-88fa-4280-894c-2d255617e92d,tour.quest,premium,72,26,4,,,
dd700139-e3c4-4948-b317-d0e5ac39295b,tour.racing,premium,72,26,4,,,
4a8b861e-9f0e-416a-88c3-9432f95c1b69,tour.realty,available,72,26,4,,,
6ff8ab46-44c9-4c49-a42e-6f53064cd01f,tour.recipes,premium,72,26,4,,,
1ae6240e-c6ec-48a0-bb6f-4d613c2b5d36,tour.red,resell,72,26,4,"Sav.com, LLC - 34",04/02/2025 15:15,04/02/2026 15:15
4f7046dd-840b-47a6-a81b-3e6ee2659ddc,tour.rehab,expired,72,26,4,Porkbun LLC,22/10/2024 01:41,22/10/2025 01:41
4cbc9a54-36fb-4da1-86bf-e18c83575368,tour.reise,premium,72,26,4,,,
878f20ee-a8b6-448d-b1bb-2534204626c7,tour.reisen,premium,72,26,4,,,
42d8c2ef-9173-43bb-8c5a-775539daca25,tour.rent,available,72,26,4,,,
bd521692-246b-4816-b746-7ae5939a26e2,tour.rentals,expired,72,26,4,Porkbun LLC,22/10/2024 01:41,22/10/2025 01:41
3eccf89f-0565-4706-871b-40ac9ba79a2d,tour.repair,expired,72,26,4,Porkbun LLC,22/10/2024 01:41,22/10/2025 01:41
9d418589-3913-4aba-8172-c8cb6204b4f2,tour.republican,available,72,26,4,,,
2c5da99d-c9c3-4336-9fde-f8d93b2a47b3,tour.rest,premium,72,26,4,,,
638b21d0-b950-4649-aa1c-a2bdde00dac3,tour.review,premium,72,26,4,,,
462060ef-dd51-4072-a671-55982129029b,tour.rich,available,72,26,4,,,
48e8c7b1-debc-4e55-8bfe-a43a518e6fce,tour.rip,available,72,26,4,,,
36a1d93d-897c-401d-8b33-bd6c1d70ec8d,tour.rocks,sold,72,26,4,Dynadot Inc,06/08/2014 17:00,06/08/2026 17:00
c086b1da-a19b-4128-af67-91805c572d87,tour.rodeo,premium,72,26,4,,,
44e97d61-e54e-4174-a758-1481ca5f3d97,tour.rsvp,premium,72,26,4,,,
600c27e5-9bed-48b7-a3f9-90753d0536d6,tour.salon,available,72,26,4,,,
8c34b9b0-7de2-49d5-8e7c-70d1ade0a16d,tour.sarl,available,72,26,4,,,
c69cd41d-a01c-41c9-a61c-7d936cf85fbd,tour.sbs,premium,72,26,4,,,
7fd52202-14c6-46a8-af28-d6701bf454ca,tour.school,expiring,72,26,4,Squarespace Domains II LLC,31/12/2020 17:44,31/12/2025 17:44
fd440e1b-3263-432b-a478-74401ae45913,tour.schule,expired,72,26,4,Porkbun LLC,22/10/2024 01:41,22/10/2025 01:41
b4045b98-6f3e-4f58-92a4-5be4de7a9627,tour.science,available,72,26,4,,,
2336e4e2-7a2c-4b2c-8a97-863af9adaaed,tour.security,available,72,26,4,,,
d61c350a-516e-4158-846a-d773ec36a2fd,tour.sexy,premium,72,26,4,,,
13b4223e-19ef-47b9-85dd-cce1dc0b5576,tour.sh,resell,72,26,4,"NameCheap, Inc.",28/06/2018 19:55,28/06/2026 19:55
fe322df8-a94e-4a14-9a54-2d936e70696f,tour.shiksha,available,72,26,4,,,
7e1350c8-3a1b-4e61-b666-49e2b9570a36,tour.shoes,available,72,26,4,,,
76a55d82-cf7d-490d-ae60-0ccf8fdbaa55,tour.show,resell,72,26,4,"Chengdu West Dimension Digital Technology Co., Ltd.",12/10/2018 16:57,12/10/2026 16:57
f5e29d80-86e1-436f-87e9-d1d59a794f87,tour.singles,resell,72,26,4,"Sav.com, LLC",14/09/2022 13:36,14/09/2026 13:36
e3a2dfa8-58d8-48c6-8a33-9e7527e26642,tour.site,premium,72,26,4,,,
f959a0d9-5004-4ee2-928d-416f4bc8c99a,tour.skin,premium,72,26,4,,,
c248b82e-8553-45ef-a048-deab5041b7d9,tour.so,resell,72,26,4,NameCheap,06/06/2021 05:06,06/06/2026 05:06
74ab7475-3f9b-4881-a65c-93b8872bca27,tour.soccer,available,72,26,4,,,
26a7b842-bbcb-4e98-a647-7a51bb2e7a26,tour.social,resell,72,26,4,"DNSPod, Inc.",16/05/2018 08:24,16/05/2026 08:24
801847ca-9d1b-48cd-ba57-b85874a8f028,tour.software,available,72,26,4,,,
4768c8c3-6385-4d49-a89a-986e77d47e2c,tour.solar,available,72,26,4,,,
033fc0de-03b2-46cf-8d1a-38f30099621b,tour.solutions,sold,72,26,4,"eNom, LLC",23/09/2015 21:13,23/09/2026 21:13
a338d30c-a886-4fe0-a40b-29851260c9c6,tour.soy,premium,72,26,4,,,
0713c7aa-37e1-4abb-8ea3-7fa7deff14de,tour.space,premium,72,26,4,,,
289f0136-6ad1-4ff9-b840-f45b876f61ff,tour.spot,premium,72,26,4,,,
2ad966d7-e789-4d84-9493-782656b087d5,tour.srl,available,72,26,4,,,
8a027159-7852-4570-b0b5-78944474e7c6,tour.storage,available,72,26,4,,,
b31bc3aa-1c40-4a95-aefd-d3ba0fbda80e,tour.stream,premium,72,26,4,,,
1e315cde-294b-4657-8395-39bb6fe88c6c,tour.study,premium,72,26,4,,,
39636cbf-610d-40f9-8ec7-499bf914501d,tour.style,resell,72,26,4,"GoDaddy.com, LLC",21/12/2024 20:13,21/12/2026 20:13
f07f9252-fe91-45cd-8ab7-5f26e90a6104,tour.sucks,premium,72,26,4,,,
3d8d949f-0bf4-417b-b10d-7684e69e74a6,tour.supplies,available,72,26,4,,,
202029e9-5437-4655-9a57-814f7d595268,tour.supply,premium,72,26,4,,,
8c8fd139-91f5-4b97-81f4-b74facb7459a,tour.surgery,premium,72,26,4,,,
ae741147-c4e9-44ab-8e06-2bb9416ec035,tour.systems,resell,72,26,4,"Sav.com, LLC",16/10/2025 17:00,16/10/2026 17:00
43cf81be-1924-4206-be55-f78c172cfbb2,tour.talk,premium,72,26,4,,,
ce668b03-82cc-4f2e-8a34-60ff59493f96,tour.tattoo,available,72,26,4,,,
a1314b6a-3f78-4fd8-b085-3ddba9cb8e4c,tour.tax,premium,72,26,4,,,
8a3e347b-30d1-4071-90bc-890e5a13493a,tour.taxi,resell,72,26,4,"Sav.com, LLC - 28",19/03/2025 15:15,19/03/2026 15:15
3d29f0a9-5028-4b87-831b-bd6c82cc5b6c,tour.team,resell,72,26,4,"Xiamen ChinaSource Internet Service Co., Ltd",15/10/2023 15:15,15/10/2026 15:15
33070123-b4e9-4efb-9cad-428c152874ef,tour.tech,premium,72,26,4,,,
5f738286-abe3-4fe0-ad1a-ff16964cbc77,tour.technology,resell,72,26,4,"Sav.com, LLC",13/08/2024 04:56,13/08/2026 04:56
0d41c5a6-76fe-4a64-8ad8-82f77e9e0409,tour.theater,available,72,26,4,,,
585d1de3-7f4a-4f1a-a38a-5cc062f45a80,tour.theatre,available,72,26,4,,,
88530cb5-7e06-46cd-a1c8-1db6b3de46e4,tour.tips,resell,72,26,4,Porkbun LLC,06/03/2019 10:30,06/03/2026 10:30
324f6542-747e-4e20-a5f3-a5c04738c657,tour.tires,available,72,26,4,,,
53cd7feb-84f7-4d74-8e1a-3f3adf70c018,tour.today,sold,72,26,4,Dynadot Inc,19/05/2025 15:15,19/05/2027 15:15
82e25c17-7e62-447d-9314-d1796abc61fe,tour.tours,sold,72,26,4,Dynadot Inc,24/02/2018 12:40,24/02/2026 12:40
41d48d25-49a2-49d3-a45f-b1e4bf201a1c,tour.toys,available,72,26,4,,,
febe8463-f141-42b4-99a9-2305a1031c68,tour.trade,resell,72,26,4,Porkbun,29/07/2019 13:00,29/07/2026 13:00
eafe5bf6-e9b7-4d19-9b7e-68bb89df8397,tour.tube,premium,72,26,4,,,
17c0a7b0-b793-47c2-a2ed-10ec711512cf,tour.uno,premium,72,26,4,,,
ddf9b8ab-7f9e-4a2e-9d5c-d68871bfa078,tour.us,resell,72,26,4,"eNom, LLC",24/04/2002 14:00,23/04/2026 23:59
e1b1eb02-baa6-4c2a-b0e8-364bf38f9845,tour.vacations,premium,72,26,4,,,
302fecd2-73ba-4697-a943-e299b93a7286,tour.vana,available,72,26,4,,,
bbbbd502-0a45-4e69-963b-9a51a9be32ca,tour.vc,premium,72,26,4,,,
4ff86750-a262-4aab-b04b-46e74e0ca05d,tour.ventures,resell,72,26,4,"Sav.com, LLC - 24",15/08/2025 15:15,15/08/2026 15:15
39e506ce-92c8-4be3-9a17-720e14e4c176,tour.vet,available,72,26,4,,,
b50cf9cd-def8-429c-bdf1-65768d162529,tour.viajes,premium,72,26,4,,,
f8a413a2-c01c-4a29-82a1-e352ac8ba200,tour.villas,premium,72,26,4,,,
aff7ac7b-eadb-47f5-a6d0-70a6f382e69e,tour.vin,premium,72,26,4,,,
7bcd7bb3-564a-40b1-9f58-5bcac267ad43,tour.vip,resell,72,26,4,Alibaba Cloud Computing Ltd. d/b/a HiChina (www.net.cn),16/04/2024 02:48,16/04/2026 02:48
6f99114f-e1d1-4ca9-94d9-cf239cb63052,tour.vodka,available,72,26,4,,,
1e769fda-1df5-4f9d-a37b-3c26308249a0,tour.vote,available,72,26,4,,,
6cbdcf16-ab88-429d-b50d-c1b6bd612cb4,tour.voting,available,72,26,4,,,
610ca95a-622b-422f-b14d-0a1dee61bf06,tour.voto,available,72,26,4,,,
d78b2235-b173-41ed-abbe-fcf770c3c6dd,tour.voyage,premium,72,26,4,,,
2b21c948-bce8-4b2f-9a7b-8d9c351b6ae7,tour.watch,resell,72,26,4,"Sav.com, LLC - 26",29/08/2025 15:15,29/08/2026 15:15
fe0495ca-4afa-456c-a8f5-22cdb000126f,tour.webcam,premium,72,26,4,,,
90915817-c6b1-4877-82eb-5b08996bb37f,tour.website,premium,72,26,4,,,
b7b1552c-e4c3-42e2-8945-03328622fd8a,tour.wedding,premium,72,26,4,,,
4d97acae-3161-4d8f-823f-b76e2698ba23,tour.wiki,premium,72,26,4,,,
12bfa020-b6ce-4b97-862a-bd95f7bf99fb,tour.win,resell,72,26,4,"GoDaddy.com, LLC",04/07/2022 10:52,04/07/2026 10:52
0eaff7c2-8dab-400c-a536-613ee2d9d770,tour.work,resell,72,26,4,"Chengdu West Dimension Digital Technology Co., Ltd.",31/10/2020 16:05,31/10/2034 16:05
77585898-454b-4c12-8ffd-92c6249c309a,tour.works,premium,72,26,4,,,
b325557d-b851-44b8-b0e9-890d2701f0cd,tour.world,sold,72,26,4,"Spaceship, Inc.",06/06/2024 15:15,06/06/2026 15:15
1190e237-e7c7-4d5f-9b39-02005aa2490d,tour.wtf,premium,72,26,4,,,
3c12575e-5f61-4d59-8549-cc89a8a6e310,tour.xyz,premium,72,26,4,,,
34515080-cc47-427d-bb24-35c71ed077e7,tour.yachts,premium,72,26,4,,,
d75dd876-f6e4-4c85-a9b0-2cff4ee450e0,tour.yoga,resell,72,26,4,"GoDaddy.com, LLC",26/08/2020 18:44,26/08/2026 18:44
cd1d7281-02dc-42f9-b143-8b53559d21e2,tour.you,premium,72,26,4,,,
a167b1c9-c2c6-42ed-a61b-8eb19e27be43,tour.zip,premium,72,26,4,,,
2f7dd328-3757-4c20-8843-e15a1bd0204a,tour.zone,premium,72,26,4,,,
04502513-6fba-4f8b-ac36-f48ee721d870,trip.academy,resell,110,33,4,"GoDaddy.com, LLC",15/05/2014 13:40,15/05/2027 13:40
8a3d3e0d-8510-4fe6-9cc4-4f080b85ebd2,trip.accountant,available,110,33,4,,,
8af3fb5d-5803-4017-acde-0d64db3e460e,trip.accountants,available,110,33,4,,,
ef41dfb4-3fb1-4c1f-85e3-c9118b5e908f,trip.actor,available,110,33,4,,,
065c3e32-a0ba-40c1-8776-bd633809d70b,trip.adult,available,110,33,4,,,
b1c78645-1a0c-45b7-9b8a-f94f40bb4526,trip.airforce,available,110,33,4,,,
8c5e2dfe-98ae-4b0e-a1fc-a5fb922aa4cf,trip.apartments,available,110,33,4,,,
b8e37681-e36b-4848-a180-61e7beea370e,trip.archi,available,110,33,4,,,
916aed91-c99a-4b41-8b50-5fc3fb5f823c,trip.army,available,110,33,4,,,
be128b12-f1b1-4534-9212-b021e213acc0,trip.art,available,110,33,4,,,
08a1354f-e639-49e6-8b7e-1efb04d2267e,trip.associates,available,110,33,4,,,
7e4c5002-0e41-475a-8611-4e443c1751a7,trip.at,available,110,33,4,,,
496ab307-dca8-4d5c-bbe7-bf457054a5a3,trip.attorney,available,110,33,4,,,
1c2163b4-0222-4cec-94bb-b546aa541506,trip.auction,available,110,33,4,,,
6c8f05cb-2744-4bba-8b02-e1f219a7c1e2,trip.audio,available,110,33,4,,,
19ed0eca-9040-4024-8ccd-a18a554fef94,trip.auto,available,110,33,4,,,
4feb276b-c555-40b1-8b21-4da9f90b618b,trip.autos,available,110,33,4,,,
d8f2240a-fc7e-42e0-87af-75f06c8ac140,trip.baby,available,110,33,4,,,
902493c6-57cc-414d-bce9-0878aa384589,trip.bar,resell,110,33,4,"Sav.com, LLC",13/11/2024 23:08,13/11/2026 23:08
81b66afe-3e0f-4ac6-a758-cc5c22e8f4f0,trip.bayern,resell,110,33,4,"Key-Systems, LLC",02/06/2022 11:20,02/06/2026 11:20
186e3579-03df-41f4-bd75-e80df585f192,trip.beauty,available,110,33,4,,,
b1e54519-4d7a-46bc-a474-e21a1dc3acc8,trip.beer,available,110,33,4,,,
a7208a38-33d8-4efc-a104-0f244d31ca5f,trip.berlin,available,110,33,4,,,
1de67b61-bf51-45ef-9347-e776dc8ed96f,trip.bingo,available,110,33,4,,,
ec726a63-2660-4b42-9c9d-ceac06fb1229,trip.black,available,110,33,4,,,
db053147-0d90-45c0-86d1-b3fda4bc948f,trip.blackfriday,available,110,33,4,,,
9137b8bc-8030-46bb-b95e-91a2c237616b,trip.blog,available,110,33,4,,,
34b1be18-9304-41b1-8020-be39d15ca476,trip.blue,resell,110,33,4,"Chengdu West Dimension Digital Technology Co., Ltd.",25/09/2014 11:05,25/09/2026 11:05
b2640cce-a5b9-415c-886a-6c28dc241235,trip.boats,available,110,33,4,,,
cacbbed7-6fbe-4904-90ba-a64406899f51,trip.boo,available,110,33,4,,,
1bab7cf6-cbce-4510-9280-91907185db02,trip.boston,available,110,33,4,,,
627d407c-d0ed-405b-947b-ad7d1e670b72,trip.build,available,110,33,4,,,
4435a23b-3700-44fd-83e3-3ea763545a48,trip.business,resell,110,33,4,"GoDaddy.com, LLC",11/06/2025 17:05,11/06/2026 17:05
5d5973b6-05a4-4d36-9e38-d89b51c6417e,trip.buzz,available,110,33,4,,,
5933db51-e013-4ebc-b136-0e69383dcd3b,trip.cam,available,110,33,4,,,
41155a93-b09a-4873-9f91-369f1f9d011b,trip.camera,available,110,33,4,,,
1566436f-ee8c-4756-ab21-e6968f47449e,trip.camp,resell,110,33,4,"Sav.com, LLC - 25",26/02/2025 15:15,26/02/2026 15:15
f63516a0-0862-44c9-8248-9d77ec05a942,trip.capital,resell,110,33,4,"NameCheap, Inc.",26/06/2024 04:46,26/06/2026 04:46
d1c9cc01-d87a-446d-bc2c-3be30007978b,trip.car,available,110,33,4,,,
acf94495-31a1-41ed-bfc2-061834f3d729,trip.careers,available,110,33,4,,,
c99dfa6b-4afd-4db6-b65d-04b99bc6ef8a,trip.cars,available,110,33,4,,,
fef855fa-8532-47b9-8782-fbcd98530f43,trip.catering,available,110,33,4,,,
49ab699b-53f7-4ca9-a2bd-7fa24362ca40,trip.center,resell,110,33,4,"Chengdu West Dimension Digital Technology Co., Ltd.",04/06/2018 08:20,04/06/2026 08:20
46abb599-402a-474a-9424-47dc69a83f81,trip.ceo,available,110,33,4,,,
85423bcd-31b0-4ef4-9a95-1bfa10c8ad2a,trip.charity,available,110,33,4,,,
d8fefc51-4397-4ff4-af6d-783b57e9adea,trip.cheap,resell,110,33,4,Porkbun LLC,29/07/2016 09:42,29/07/2026 09:42
ad6c9492-e5d8-4e55-b570-cf87d0b709c4,trip.christmas,available,110,33,4,,,
2b3571f0-8aca-4e4e-93a8-269d308d30d3,trip.city,expiring,110,33,4,"Xiamen ChinaSource Internet Service Co., Ltd",22/12/2017 11:26,22/12/2025 11:26
fb73612d-a91f-49e2-844d-2ea9736a1e5c,trip.claims,available,110,33,4,,,
6fa8e2be-fc84-4442-bd5d-25259df864c5,trip.cleaning,available,110,33,4,,,
d0d8b6e3-cc25-43c6-99f2-4f45bbcaf3bf,trip.clinic,available,110,33,4,,,
1758cd7c-03d5-41dd-b900-498a908ae0eb,trip.cloud,resell,110,33,4,"Name.com, Inc.",23/02/2016 05:02,23/02/2026 05:02
86d9b452-390b-471d-ab76-64a74d332815,trip.club,available,110,33,4,,,
26a5a6a2-6567-4d85-9e35-58c1c0fc6fb4,trip.co,resell,110,33,4,Hello Internet Corp.,25/02/2010 01:17,24/02/2026 23:59
87766a2b-c98a-46f3-9d18-3749c6de94e1,trip.coach,resell,110,33,4,"Sav.com, LLC - 2",06/03/2024 15:15,06/03/2026 15:15
de0bf187-77db-4dc6-ab0d-81a9449296cd,trip.codes,resell,110,33,4,"Sav.com, LLC",30/01/2025 15:05,30/01/2026 15:05
22fdcefd-f6ce-4330-8394-970de4bd727e,trip.college,expiring,110,33,4,Alibaba Cloud Computing Ltd. d/b/a HiChina (www.net.cn),16/12/2024 00:32,16/12/2025 23:59
ba3d3e8a-76fe-4a98-af30-e8d8b4cad50c,trip.company,resell,110,33,4,Dynadot Inc,16/11/2023 15:15,16/11/2028 15:15
1fd6bcad-bbf9-4f8a-983e-6dc05c764504,trip.computer,resell,110,33,4,"Sav.com, LLC",20/06/2024 23:42,20/06/2026 23:42
f710bc5d-9ca2-4d3d-9fff-abd4f367e4a2,trip.condos,available,110,33,4,,,
1d2c0a70-bfb8-468c-ae5c-81603e2e94d0,trip.construction,available,110,33,4,,,
61f06250-fa86-4054-8fe4-71a01b302ba8,trip.consulting,available,110,33,4,,,
e7d458bb-3d3c-4276-ac50-0b6b441e21a3,trip.contact,resell,110,33,4,"Sav.com, LLC - 30",07/03/2025 15:15,07/03/2026 15:15
d2a5a448-671f-4b08-8057-53602b3be4b4,trip.contractors,available,110,33,4,,,
dab873e5-ca31-42e8-a7a4-1a15e4a30092,trip.cooking,available,110,33,4,,,
1ffe5495-e75e-432b-9cf5-98c3f5273a76,trip.cool,resell,110,33,4,"DNSPod, Inc.",21/09/2023 15:15,21/09/2026 15:15
5a6bd22d-1b00-4cdc-b5f4-e4bf5e36d616,trip.country,available,110,33,4,,,
8cc5697d-288f-458b-b5c9-45c839c4f168,trip.courses,available,110,33,4,,,
4df4f605-fc14-4867-a54d-d33633ebb278,trip.credit,available,110,33,4,,,
20d49928-ffe3-42f7-8da3-5c6fb3902903,trip.cricket,available,110,33,4,,,
81309a60-d70f-4a9d-b4f7-d9a4accc2181,trip.cruises,available,110,33,4,,,
a9d6fa0f-d040-46e9-9bbd-08e707232e1a,trip.cv,expired,110,33,4,apitestregistrar,29/11/2024 00:00,29/11/2025 21:20
b974b291-ea7b-4761-b950-dd2423fa62ba,trip.cx,resell,110,33,4,CentralNic Ltd,07/05/2015 00:00,07/05/2026 15:26
bab965cd-c9c2-4e3b-af1d-0ba7604639ac,trip.cyou,available,110,33,4,,,
9f90748e-c73a-4960-b0a0-a66a64e378a2,trip.dad,available,110,33,4,,,
fe6b7640-ee70-47d2-bddf-b6e6f0aa70cb,trip.dance,available,110,33,4,,,
76021857-25b3-4f16-ac11-527eb95c406f,trip.date,available,110,33,4,,,
d10cb320-6d31-4fc0-966f-40c4920fe5e5,trip.dating,expiring,110,33,4,"Key-Systems, LLC",20/12/2019 17:29,20/12/2025 17:29
a14fc6f6-f136-4d5a-a1b0-c89f05ff7621,trip.day,available,110,33,4,,,
ccbfd758-731b-4fef-9b12-f7746382d7ec,trip.dealer,available,110,33,4,,,
762648de-b168-4a5f-accb-449a4fea0d0a,trip.deals,expiring,110,33,4,"Global Domains International, Inc. DBA DomainCostClub.com",15/12/2020 23:55,15/12/2025 23:55
8c34fed0-d964-4253-9fac-8154714b8cfe,trip.degree,available,110,33,4,,,
80a9ec73-8776-4461-b64a-dfac9c1b618f,trip.democrat,available,110,33,4,,,
f0690d67-bad4-4fe2-898a-01e5da112446,trip.dental,available,110,33,4,,,
456e4130-9764-4344-9061-1bcb90ec6163,trip.dentist,available,110,33,4,,,
4867c617-545b-4928-943e-8ef062d9d12d,trip.diamonds,available,110,33,4,,,
f83b859a-431d-4b22-98a8-6b54abe24be0,trip.diet,available,110,33,4,,,
bf6a5fce-4e1d-4e06-9d4e-76459d4f5d2b,trip.discount,available,110,33,4,,,
9c82e3c4-a928-4e95-9c3c-3e0c44f23b81,trip.diy,available,110,33,4,,,
74c5dad0-5a3f-4a50-a5fc-3f54f7c4872d,trip.doctor,available,110,33,4,,,
b4c62d88-654b-4c89-b4aa-67c5e9698425,trip.domains,available,110,33,4,,,
7a2de15a-4720-4fca-8065-45175ba40190,trip.download,available,110,33,4,,,
758d738f-7517-4619-9ebf-31f254b17778,trip.energy,resell,110,33,4,Dynadot Inc,16/09/2025 17:00,16/09/2026 17:00
7b5d7ff0-aa22-4b57-9843-5b8f545dc753,trip.enterprises,expiring,110,33,4,"GoDaddy.com, LLC",24/12/2024 02:25,24/12/2025 02:25
5313b929-19e9-43f3-b2f6-4468f41c5e2c,trip.equipment,available,110,33,4,,,
48ede375-d1a5-4068-a4b7-ca24790428ef,trip.esq,available,110,33,4,,,
6cecd91a-c73e-41de-9894-54882a8cbbbd,trip.estate,available,110,33,4,,,
a125fd1f-c018-40db-bed6-5d33a0ec84ea,trip.exchange,resell,110,33,4,"Sav.com, LLC - 24",06/06/2025 15:15,06/06/2026 15:15
8c2b0cb5-adf0-4d19-a303-d4a77d636577,trip.exposed,available,110,33,4,,,
aac5c17e-b035-4003-9f1c-0a412de7b9cb,trip.fail,available,110,33,4,,,
e833b9c2-0685-421e-aab5-b079716d3e18,trip.faith,available,110,33,4,,,
f48bdac9-de7c-4c50-b026-2a4dbb6c57d1,trip.fan,expiring,110,33,4,"Chengdu West Dimension Digital Technology Co., Ltd.",12/12/2018 16:01,12/12/2025 16:01
1c4038c7-175b-41fb-aa30-9dccec60a1ee,trip.fans,available,110,33,4,,,
d3b27b2b-7714-44a5-a0e2-6dbba22ae1bd,trip.farm,available,110,33,4,,,
da623dc1-2021-485a-9c18-e07540380692,trip.fashion,available,110,33,4,,,
24f8dcd9-b009-445a-8dac-7f911c426a7e,trip.film,available,110,33,4,,,
3c0b08cd-dabb-4cc2-9745-d0c035d64aac,trip.financial,available,110,33,4,,,
0400cc81-9d8b-4770-aca3-91f1579f5868,trip.fishing,resell,110,33,4,"NameSilo, LLC",19/03/2025 12:37,19/03/2026 12:37
0c868010-55ea-4bb6-b407-af1a98b747a9,trip.flights,expired,110,33,4,"Name.com, Inc.",26/10/2024 11:51,26/10/2025 11:51
d45bdd30-cefa-4b63-b052-6f656ca81350,trip.florist,available,110,33,4,,,
af064833-aac8-436e-8543-14624e07eead,trip.flowers,available,110,33,4,,,
ddcadde9-0c7a-4a4f-958e-ef792063e2d9,trip.foo,available,110,33,4,,,
44b08d22-29f2-40cf-8546-fb52f74500f8,trip.food,available,110,33,4,,,
d0c0973e-ed06-4fb8-bbd6-d2e8d0223da6,trip.football,available,110,33,4,,,
0e666b21-460e-4f7e-974d-5796bb286873,trip.forsale,available,110,33,4,,,
8bfa9cb9-852a-4654-a2d1-3b6ad7b7da3e,trip.forum,available,110,33,4,,,
78a7d5f1-ebe5-4925-92ea-5f7c192ed649,trip.free,available,110,33,4,,,
197d20cc-32fb-466c-9832-5b2e2ca92441,trip.fun,available,110,33,4,,,
bb75c889-5670-4fbe-b658-003d52dea9e4,trip.fund,resell,110,33,4,"Xiamen ChinaSource Internet Service Co., Ltd",22/07/2018 07:48,22/07/2026 07:48
94192537-1d32-42ff-9053-3f18ff53b814,trip.furniture,available,110,33,4,,,
17d5ef86-3534-43ea-b5d3-753b925e9fa4,trip.futbol,available,110,33,4,,,
c6965cc3-a633-464c-9e44-158384a847d3,trip.game,expiring,110,33,4,Namecheap,07/01/2025 00:57,07/01/2026 23:59
a20f2fb9-5b6b-4340-adee-06e61be3926e,trip.games,available,110,33,4,,,
4ffba23e-03a1-4ceb-9a75-62e0226d31a7,trip.garden,available,110,33,4,,,
14ccfaf7-23a8-40dd-a6a1-1729d5f25365,trip.gay,available,110,33,4,,,
2e767eb3-2b8f-4906-8315-c84af98451c5,trip.gift,available,110,33,4,,,
8b768763-26d8-4183-aac7-c56972cbc41a,trip.gives,available,110,33,4,,,
0a0d1aea-38d7-437c-b00e-1d6b2dc399c3,trip.giving,available,110,33,4,,,
8289ec8c-ec9f-48c3-a271-631819010195,trip.glass,available,110,33,4,,,
e3a132ae-4beb-4e5b-a62b-fe6a04f81a66,trip.global,resell,110,33,4,"Chengdu West Dimension Digital Technology Co., Ltd.",20/11/2019 01:07,20/11/2026 01:07
809b6f3d-0e84-4b10-83a5-ebfcb8e8e686,trip.gmbh,available,110,33,4,,,
e7eac71a-32c2-4d83-8059-72df8d611cdd,trip.gold,resell,110,33,4,"DNSPod, Inc.",06/06/2024 15:15,06/06/2026 15:15
455d264d-ecf2-418c-81e6-fab662ca3975,trip.graphics,available,110,33,4,,,
1ae25fa5-a619-452a-912d-bd8f45cd5a0d,trip.gratis,available,110,33,4,,,
7cc9cd4e-544f-4973-aae9-56e87024f9e8,trip.green,resell,110,33,4,"Sav.com, LLC - 43",22/10/2025 15:15,22/10/2026 15:15
03b981e9-76b2-4ab1-9283-e69ec2928229,trip.gripe,available,110,33,4,,,
64fabea6-611f-4160-a05a-42b0be1dfde1,trip.group,resell,110,33,4,Alibaba Cloud Computing Ltd. d/b/a HiChina (www.net.cn),29/08/2017 21:42,29/05/2031 02:15
9d7a7ce3-e93c-4434-80c6-2fd07700f049,trip.guide,resell,110,33,4,Porkbun LLC,17/09/2020 08:11,17/09/2026 08:11
8d0aeaca-f1f7-4c95-9d7e-84145a2d0b4f,trip.guitars,available,110,33,4,,,
7e96ab2e-22b5-4d0e-a501-a34bda55a29a,trip.hair,available,110,33,4,,,
c05a2121-d7de-44d2-88e2-c76b78ea542b,trip.healthcare,available,110,33,4,,,
5f34d8d1-d2f7-436a-ba93-b2487daf5547,trip.hiphop,available,110,33,4,,,
f304516f-9678-4e0c-a22e-b6306fc6159b,trip.hiv,available,110,33,4,,,
c1f33c5b-b9b9-462e-8889-95470c2c882f,trip.hockey,available,110,33,4,,,
c907cf13-af37-4845-8eac-bafd03313ddc,trip.holdings,available,110,33,4,,,
df57bdee-26d9-41d8-bc24-06fb7bbe3997,trip.homes,available,110,33,4,,,
0591616a-5c0c-41b7-b4c5-91c64b8aee60,trip.horse,available,110,33,4,,,
ff21d0f2-c8f0-4adf-bf07-c143efa0aa3b,trip.hospital,available,110,33,4,,,
ebc179cb-dd51-43b6-9514-d5132b0beeae,trip.host,available,110,33,4,,,
b14104c7-af42-4a9f-881a-af90bce531ca,trip.hosting,available,110,33,4,,,
2efcac5c-478e-4f93-8919-28e2dc055f9a,trip.hot,available,110,33,4,,,
72e8cd07-efad-4de4-998a-aeffbce517a6,trip.how,available,110,33,4,,,
577f9aad-4fe1-4cc5-a5e9-61086e4c6aff,trip.icu,resell,110,33,4,"Xiamen ChinaSource Internet Service Co., Ltd",28/12/2021 02:15,28/12/2026 23:59
0a4543cd-453b-48db-a90c-20da213b3049,trip.im,available,110,33,4,,,
fb02df51-1852-42dc-ba6a-58e7cb48fca1,trip.immo,available,110,33,4,,,
01d8f823-da80-4d4e-b901-5f7606ceaa0d,trip.immobilien,available,110,33,4,,,
37204473-dc64-4747-87a2-3bc0b5a59cb7,trip.industries,available,110,33,4,,,
b1c032b4-04a9-4b48-a6b6-c63eb007851c,trip.ing,available,110,33,4,,,
0811d4ec-a769-4594-a2f4-598444e83ec9,trip.international,expiring,110,33,4,"Sav.com, LLC",10/12/2022 03:06,10/12/2025 03:06
2df13693-1a6f-43f5-914f-146be3b01f8d,trip.investments,available,110,33,4,,,
3e741980-ee07-4a4f-9347-6faaca4ec7c7,trip.irish,available,110,33,4,,,
61e631b2-2e4a-4cff-b466-18beab4b5db1,trip.jewelry,available,110,33,4,,,
921a17c5-0aa6-42b3-81d5-487ab8432c07,trip.juegos,available,110,33,4,,,
5e7312ce-7c7e-4ed0-941f-3508ca546e26,trip.kaufen,available,110,33,4,,,
5895a280-028c-4786-8ccf-ba151b2c804e,trip.kids,available,110,33,4,,,
a133d84a-4419-4568-a05c-aadc6f735440,trip.kim,available,110,33,4,,,
7f424583-a8da-4b99-9f78-62e21ffe70e0,trip.la,resell,110,33,4,West263 International Limited,12/08/2006 01:00,12/08/2026 23:59
562c36e9-a250-4490-94e1-c1f12296f4c5,trip.law,available,110,33,4,,,
a8713f82-83bc-4827-9a2b-b2db4052d09d,trip.lawyer,available,110,33,4,,,
5c31f6a8-a683-4844-8556-0bf23491cf9e,trip.lease,resell,110,33,4,"Sav.com, LLC",20/09/2022 23:16,20/09/2026 23:16
49f5685c-3811-48b7-bd16-04c282429721,trip.lgbt,available,110,33,4,,,
d82bb3f2-4f1f-4115-91b8-e3366ac9dc9c,trip.life,resell,110,33,4,"Chengdu West Dimension Digital Technology Co., Ltd.",24/11/2016 23:44,24/11/2027 23:44
5804a23c-2312-4d6d-94b9-629385a35161,trip.lifestyle,available,110,33,4,,,
36f8ec0e-8eb6-4d5b-8389-9bb92404172d,trip.lighting,available,110,33,4,,,
cab4c4cd-c465-42e9-b8a2-2c50390b5610,trip.limo,available,110,33,4,,,
47191a0f-e365-4d58-b3af-7ec3621e51e7,trip.live,expiring,110,33,4,"Xiamen ChinaSource Internet Service Co., Ltd",06/01/2024 17:00,06/01/2026 17:00
a5d2c06a-b8e7-4eec-b5cb-cc95043ba62c,trip.living,available,110,33,4,,,
fa7453a0-f12a-4b16-a29f-efdd285ca524,trip.llc,resell,110,33,4,Dynadot Inc,04/01/2021 15:50,04/01/2027 15:50
3cf500f6-9664-48e1-b758-32d5fd0b7bb4,trip.loan,available,110,33,4,,,
bdc1603f-110c-48aa-af32-02f441fdcad9,trip.loans,available,110,33,4,,,
f0c1905c-127a-46ad-b56a-dea797943af1,trip.locker,available,110,33,4,,,
d4d767ff-6f82-4240-9969-844b6d452ee0,trip.lol,available,110,33,4,,,
c9061ab2-a9d7-4e95-a335-06a0fa513bb6,trip.love,available,110,33,4,,,
0e770a46-2972-4cab-9b00-6e5dfd94f78f,trip.ltda,available,110,33,4,,,
a2867e7d-5600-49e2-99c9-2107bae5e1f5,trip.luxe,available,110,33,4,,,
ed5eb4ca-b582-492e-aa80-2108ba143459,trip.maison,available,110,33,4,,,
0e5abe07-8e2d-4dd5-81c8-686e182e444c,trip.makeup,available,110,33,4,,,
4da49373-a604-429e-b093-8cb99916c8f5,trip.management,available,110,33,4,,,
8b52eaab-ca25-4d81-ad96-4c1fc81c681d,trip.market,available,110,33,4,,,
2c8a8648-0eb3-46dd-9367-9fc1c21ad35c,trip.media,resell,110,33,4,Unstoppable Domains Inc,26/11/2021 13:15,26/11/2026 13:15
41f83b5d-8701-4148-886e-b655e2b7a889,trip.melbourne,available,110,33,4,,,
3079dffe-5803-43cd-a6b0-60c67aa665e8,trip.meme,available,110,33,4,,,
cbb9ec0d-1adc-4d01-9ab0-5958e5dc4863,trip.memorial,available,110,33,4,,,
1eebf5bf-a475-422f-9b18-d9d605745fd6,trip.men,available,110,33,4,,,
c412f73e-34ee-49d5-b047-60d92068ba12,trip.menu,available,110,33,4,,,
42f5bdf2-b26c-4fbc-bd20-37a9b3fd76f1,trip.miami,available,110,33,4,,,
f06bab93-426c-493b-9a9d-a71ca591c6bc,trip.mobi,resell,110,33,4,"GoDaddy.com, LLC",11/05/2006 22:17,11/05/2026 22:17
f9b69c70-2ae1-4382-979e-9bfa7bc71081,trip.moda,available,110,33,4,,,
825606b9-6da0-4270-a7a2-a01784f907b1,trip.moe,available,110,33,4,,,
a5c3a028-29dc-4d12-8ada-63edcc9e7a8a,trip.mom,available,110,33,4,,,
cf746ef0-bc14-4e8b-ae0f-a2728c07cc07,trip.money,resell,110,33,4,"Spaceship, Inc.",06/04/2022 15:18,06/04/2026 15:18
b4f41982-9323-49f8-8a5d-786f5d8ff33e,trip.monster,available,110,33,4,,,
d85f27ab-631f-48f7-b7fb-73d226e99d24,trip.mortgage,available,110,33,4,,,
8436422f-f61d-4384-af76-ff4e8ea38e28,trip.motorcycles,available,110,33,4,,,
c4818309-ddad-458a-a62c-3a918e363cef,trip.mov,available,110,33,4,,,
77957cb2-e572-428f-aff5-6443852e30a6,trip.movie,available,110,33,4,,,
91a61a57-2c4c-41e3-9283-a22b0facd110,trip.music,available,110,33,4,,,
7d420c72-66b8-4dfb-a7ef-66441bbbb3da,trip.name,available,110,33,4,,,
fdb14de2-35d4-4030-ba99-18d25619b780,trip.navy,available,110,33,4,,,
8e6826e6-dcfc-4075-9733-38252c231c52,trip.news,available,110,33,4,,,
1dd09825-8987-424f-b337-7e3963fb65e7,trip.nexus,available,110,33,4,,,
90efab13-8f22-4bc9-bd54-8651c83594aa,trip.ngo,available,110,33,4,,,
fb27652f-1959-4299-b195-be77e4cd5678,trip.ninja,expiring,110,33,4,"GoDaddy.com, LLC",04/01/2025 16:08,04/01/2026 16:08
ed5eaa34-80b9-41ff-a2cf-984cc54a0209,trip.nyc,available,110,33,4,,,
f64a8149-e223-4274-a2f0-317510c582c3,trip.observer,available,110,33,4,,,
43bdc46e-8526-49bd-ab76-567e4d2e9dd7,trip.ong,available,110,33,4,,,
fa811750-298e-4a53-872d-42b0e58d0a99,trip.onl,available,110,33,4,,,
b4bed6e2-3850-41ad-9637-afdca7e7bd25,trip.online,premium,110,33,4,,,
52fd1722-97a3-417c-ac10-4313f75d094b,trip.ooo,available,110,33,4,,,
9a5cad46-801a-4252-930e-bfc47c8fd1ae,trip.organic,available,110,33,4,,,
2222d3a2-3f00-498d-94d0-9a9e60abdbfb,trip.osaka,available,110,33,4,,,
7787a595-82f8-43d8-aa19-a9ead11220f1,trip.page,available,110,33,4,,,
7fa3aee3-5461-4a8d-871e-60aa01af16e7,trip.partners,resell,110,33,4,"Sav.com, LLC - 4",18/09/2025 15:16,18/09/2026 15:16
c6ee14fd-5317-4cdb-baad-282b3ba04329,trip.parts,available,110,33,4,,,
2ee7dec3-55e6-460d-a283-ea56cfc020a3,trip.party,available,110,33,4,,,
d7bcec03-d62b-4573-b95a-fdfdeb9081e4,trip.phd,available,110,33,4,,,
2fbf066a-cf64-47f5-a90e-34293e95a9dc,trip.photo,available,110,33,4,,,
7ba3f4f2-3bc9-4d3a-96a4-f33849805bdb,trip.photos,resell,110,33,4,"GoDaddy.com, LLC",11/12/2017 20:23,11/12/2026 20:23
ae399434-b92e-4369-aa8b-23b17702806e,trip.pictures,expired,110,33,4,"Sav.com, LLC",30/09/2024 17:15,30/09/2025 17:15
d4f8f5fa-a979-440d-a6c4-1e27969f5b6e,trip.pink,available,110,33,4,,,
d003caf0-87b4-403f-bf21-d040ae887cfa,trip.plumbing,available,110,33,4,,,
a86d9078-7e52-4627-b0e4-7287fcde8a77,trip.plus,resell,110,33,4,Alibaba Cloud Computing Ltd. d/b/a HiChina (www.net.cn),02/10/2016 13:24,02/10/2026 13:24
0e7a3279-3ee8-42c3-8351-e2b333ba808b,trip.poker,available,110,33,4,,,
ec661f7d-8410-488a-922c-d34b322c11f0,trip.porn,available,110,33,4,,,
40ec3a21-a7c9-43d9-9465-46d0c41d2323,trip.press,available,110,33,4,,,
190119d9-c585-4329-a5f1-4f903a6a2d4c,trip.productions,available,110,33,4,,,
e3567b23-f66d-4f5c-8244-e24bc66db019,trip.prof,available,110,33,4,,,
fd488883-be4b-4db5-9b9d-e45095f9d049,trip.properties,available,110,33,4,,,
5c999ba9-f3d9-4732-aa0c-e3992fd97fb8,trip.property,available,110,33,4,,,
1dbaae57-bb53-4060-9fe3-a0b02a5ab10a,trip.protection,available,110,33,4,,,
b69ef7c0-0d60-44b0-987c-1036b8ee450b,trip.pub,resell,110,33,4,Alibaba Cloud Computing Ltd. d/b/a HiChina (www.net.cn),25/09/2014 05:07,25/09/2026 05:07
36c9f137-0328-406d-82e9-716ad0917c86,trip.pw,available,110,33,4,,,
cd8769f2-6487-4856-8e9a-10e4b6739b63,trip.qpon,available,110,33,4,,,
3e4274ce-354e-4263-8598-791681b7c617,trip.quest,available,110,33,4,,,
7f8b1e0a-7208-44b0-8e2f-0dc7a9d93171,trip.racing,available,110,33,4,,,
6b29ccd3-5022-4e3b-81e8-a7aff63133d3,trip.realty,available,110,33,4,,,
c6ac7ae4-aac6-4608-9bbf-0bff91c70cde,trip.recipes,available,110,33,4,,,
cddd1418-b440-48a5-bff5-98afaf5068c7,trip.rehab,available,110,33,4,,,
8c857071-5b5c-4330-a96d-72823e1e1d75,trip.reise,available,110,33,4,,,
a614219e-83da-41aa-92dc-5692d7980b94,trip.reisen,available,110,33,4,,,
47553a1e-5427-4f8c-b14b-5378cad4de7e,trip.repair,available,110,33,4,,,
a6257e25-8894-40c2-80c8-4b2c0421a84e,trip.report,expiring,110,33,4,"GoDaddy.com, LLC",06/01/2017 00:21,06/01/2026 00:21
0b757bd3-f628-4a7c-939d-86b6f93ea26d,trip.republican,available,110,33,4,,,
1bc60f5f-bb1e-41ce-aecc-d1443cc9e7cc,trip.restaurant,available,110,33,4,,,
14a1c7e4-66f7-47aa-90fe-818fe0d9981f,trip.review,available,110,33,4,,,
742787b3-c0e9-4a25-94a9-b9509bc957a3,trip.reviews,available,110,33,4,,,
066c5566-9c2b-487d-b5dd-b84ed696e13b,trip.rich,available,110,33,4,,,
31e609b7-3b7a-44aa-8e60-580b0817ed64,trip.rip,expired,110,33,4,Porkbun LLC,22/09/2024 01:45,22/09/2025 01:45
972dd6b8-b5b3-4d0a-984b-051033eb35e1,trip.rsvp,available,110,33,4,,,
cd52d18d-5ec3-4feb-9ace-242bd2e3a671,trip.run,expiring,110,33,4,"GoDaddy.com, LLC",01/01/2017 06:00,01/01/2026 06:00
76759f90-5f50-4d65-b6a6-741235d70a2e,trip.salon,available,110,33,4,,,
0273fa37-b76f-4171-a469-a5af52989aba,trip.sarl,available,110,33,4,,,
68842ed8-1dd3-4eb5-89f2-873809e39c9d,trip.school,resell,110,33,4,"Xiamen ChinaSource Internet Service Co., Ltd",05/08/2024 15:15,05/08/2026 15:15
e55bf395-08f0-46bd-8bff-255cc9047cda,trip.schule,available,110,33,4,,,
cc3281ac-0146-4d4d-9e0f-43b11f7e2a0e,trip.science,available,110,33,4,,,
ea725263-1025-4138-bfa1-e0588938b9ff,trip.security,available,110,33,4,,,
fb513b97-c45a-4380-8766-865f39de11a9,trip.sexy,available,110,33,4,,,
42e6575b-9c7e-41ce-99d8-f173064747eb,trip.shiksha,available,110,33,4,,,
510ad70a-2a09-4403-b61f-d884a342434e,trip.shoes,available,110,33,4,,,
4cbe7c98-bcaf-4a39-b802-17d46d92f285,trip.shopping,available,110,33,4,,,
7e0ac77a-f2d8-4df6-8ce1-c2bb9c1081b6,trip.singles,available,110,33,4,,,
f181abfc-89cc-4f0c-bb9f-00879d251b84,trip.site,premium,110,33,4,,,
2ba75ac1-7df6-4183-b5a2-93d5994ddae5,trip.ski,resell,110,33,4,"Xiamen ChinaSource Internet Service Co., Ltd",15/04/2025 15:15,15/04/2026 15:15
ff8bb60c-3832-425b-85b2-2c79ca1af7b2,trip.skin,available,110,33,4,,,
86ae07ff-98a9-4c53-b4d3-43c00c2a6272,trip.so,resell,110,33,4,NameCheap,08/09/2021 05:01,08/09/2025 05:01
cfe0bfd5-31c1-42ef-b324-8dc8f73113de,trip.soccer,available,110,33,4,,,
5cfc1e30-ec05-4fa1-9af5-7259642f6e53,trip.solar,available,110,33,4,,,
e632199b-990e-4be3-b10d-f736c054e528,trip.solutions,resell,110,33,4,"Sav.com, LLC",23/01/2021 08:25,23/01/2026 08:25
d03e9812-6993-4b06-b559-f6f5c14fb7bd,trip.soy,available,110,33,4,,,
452b293c-6b6b-45c5-9264-f5cf7e0dfe15,trip.space,premium,110,33,4,,,
40663ca4-1b5e-4567-9cc9-c679d1384e72,trip.spot,available,110,33,4,,,
43912804-1534-4bf8-802b-eeff5d006cdf,trip.srl,available,110,33,4,,,
4eb48846-fcc1-420b-ab89-0cd625080365,trip.storage,available,110,33,4,,,
f824800a-153b-4ee0-aa05-9fe63d992827,trip.store,premium,110,33,4,,,
64500c91-a05c-4014-af66-8c0747dafd6b,trip.studio,expiring,110,33,4,Squarespace Domains II LLC,02/01/2023 13:36,02/01/2026 13:36
24f75e43-e352-4f16-8bb7-0b52f704df06,trip.study,available,110,33,4,,,
f72a6433-55de-46a7-8754-eb8b43d629da,trip.sucks,available,110,33,4,,,
0fa6a5ac-d6c3-4e62-a1f1-a98cc4dd9196,trip.surf,available,110,33,4,,,
e7d523b0-3955-4575-a99a-4cf7d3f34992,trip.surgery,available,110,33,4,,,
67877531-8fae-452d-85b2-da157d384653,trip.sydney,available,110,33,4,,,
d2d45964-a8e7-4a4c-93fe-3cf132b46e13,trip.systems,available,110,33,4,,,
17ca8d97-c3d3-4a27-b538-0384025a1cab,trip.talk,available,110,33,4,,,
1edda195-58c5-4b0a-96d8-4c599e54e75d,trip.tattoo,available,110,33,4,,,
ade15c49-f9d8-4f00-acdb-efe0ec3c8dfa,trip.taxi,resell,110,33,4,"Sav.com, LLC",27/01/2025 16:15,27/01/2026 16:15
0d94af0c-9281-497b-93a1-0ea5b29476c9,trip.technology,resell,110,33,4,Dynadot Inc,28/02/2024 01:55,28/02/2026 01:55